'Elapsed time','ECG'
000.000,0.140	
000.010,0.170	
000.020,0.215	
000.030,0.245	
000.040,0.250	
000.050,0.240	
000.060,0.240	
000.070,0.255	
000.080,0.230	
000.090,0.180	
000.100,0.130	
000.110,0.090	
000.120,0.025	
000.130,0.000	
000.140,-0.005	
000.150,-0.020	
000.160,-0.025	
000.170,-0.030	
000.180,-0.005	
000.190,-0.020	
000.200,-0.020	
000.210,-0.020	
000.220,-0.025	
000.230,-0.010	
000.240,-0.010	
000.250,-0.020	
000.260,-0.035	
000.270,-0.045	
000.280,-0.045	
000.290,-0.045	
000.300,-0.040	
000.310,-0.055	
000.320,-0.075	
000.330,-0.085	
000.340,-0.075	
000.350,-0.060	
000.360,-0.085	
000.370,-0.080	
000.380,-0.100	
000.390,-0.070	
000.400,-0.085	
000.410,-0.075	
000.420,-0.085	
000.430,-0.080	
000.440,-0.090	
000.450,-0.085	
000.460,-0.105	
000.470,-0.080	
000.480,-0.080	
000.490,-0.010	
000.500,0.020	
000.510,0.025	
000.520,0.105	
000.530,0.165	
000.540,0.115	
000.550,0.020	
000.560,-0.035	
000.570,-0.035	
000.580,-0.165	
000.590,-0.190	
000.600,-0.210	
000.610,-0.190	
000.620,-0.220	
000.630,-0.190	
000.640,0.195	
000.650,1.070	
000.660,1.700	
000.670,0.340	
000.680,-0.575	
000.690,-0.715	
000.700,-0.475	
000.710,-0.200	
000.720,-0.180	
000.730,-0.165	
000.740,-0.180	
000.750,-0.145	
000.760,-0.125	
000.770,-0.125	
000.780,-0.115	
000.790,-0.095	
000.800,-0.085	
000.810,-0.050	
000.820,-0.030	
000.830,-0.010	
000.840,0.005	
000.850,0.065	
000.860,0.090	
000.870,0.130	
000.880,0.175	
000.890,0.235	
000.900,0.230	
000.910,0.255	
000.920,0.265	
000.930,0.290	
000.940,0.255	
000.950,0.245	
000.960,0.200	
000.970,0.150	
000.980,0.085	
000.990,0.040	
001.000,0.025	
001.010,-0.010	
001.020,-0.010	
001.030,-0.035	
001.040,-0.030	
001.050,-0.020	
001.060,-0.020	
001.070,-0.015	
001.080,-0.020	
001.090,-0.015	
001.100,-0.025	
001.110,-0.020	
001.120,-0.020	
001.130,-0.020	
001.140,-0.045	
001.150,-0.055	
001.160,-0.050	
001.170,-0.080	
001.180,-0.060	
001.190,-0.055	
001.200,-0.060	
001.210,-0.095	
001.220,-0.095	
001.230,-0.075	
001.240,-0.075	
001.250,-0.070	
001.260,-0.075	
001.270,-0.065	
001.280,-0.050	
001.290,-0.085	
001.300,-0.095	
001.310,-0.080	
001.320,-0.080	
001.330,-0.085	
001.340,-0.100	
001.350,-0.085	
001.360,-0.080	
001.370,-0.085	
001.380,-0.090	
001.390,-0.085	
001.400,-0.050	
001.410,0.010	
001.420,0.045	
001.430,0.065	
001.440,0.165	
001.450,0.110	
001.460,0.035	
001.470,-0.020	
001.480,-0.040	
001.490,-0.130	
001.500,-0.200	
001.510,-0.200	
001.520,-0.170	
001.530,-0.225	
001.540,-0.245	
001.550,0.070	
001.560,0.895	
001.570,1.545	
001.580,0.695	
001.590,-0.380	
001.600,-0.745	
001.610,-0.530	
001.620,-0.265	
001.630,-0.180	
001.640,-0.150	
001.650,-0.180	
001.660,-0.150	
001.670,-0.150	
001.680,-0.130	
001.690,-0.135	
001.700,-0.075	
001.710,-0.090	
001.720,-0.055	
001.730,-0.035	
001.740,-0.030	
001.750,0.020	
001.760,0.025	
001.770,0.075	
001.780,0.115	
001.790,0.160	
001.800,0.195	
001.810,0.225	
001.820,0.255	
001.830,0.255	
001.840,0.255	
001.850,0.255	
001.860,0.255	
001.870,0.190	
001.880,0.170	
001.890,0.090	
001.900,0.060	
001.910,0.025	
001.920,0.000	
001.930,-0.010	
001.940,-0.030	
001.950,-0.035	
001.960,-0.030	
001.970,-0.015	
001.980,-0.010	
001.990,-0.035	
002.000,0.000	
002.010,-0.005	
002.020,-0.030	
002.030,-0.030	
002.040,-0.025	
002.050,-0.030	
002.060,-0.055	
002.070,-0.040	
002.080,-0.060	
002.090,-0.050	
002.100,-0.080	
002.110,-0.070	
002.120,-0.085	
002.130,-0.065	
002.140,-0.065	
002.150,-0.070	
002.160,-0.085	
002.170,-0.080	
002.180,-0.080	
002.190,-0.095	
002.200,-0.095	
002.210,-0.085	
002.220,-0.105	
002.230,-0.105	
002.240,-0.110	
002.250,-0.090	
002.260,-0.120	
002.270,-0.095	
002.280,-0.095	
002.290,-0.035	
002.300,0.015	
002.310,0.025	
002.320,0.130	
002.330,0.155	
002.340,0.075	
002.350,0.010	
002.360,-0.045	
002.370,-0.080	
002.380,-0.190	
002.390,-0.175	
002.400,-0.235	
002.410,-0.185	
002.420,-0.230	
002.430,-0.170	
002.440,0.300	
002.450,1.180	
002.460,1.675	
002.470,0.140	
002.480,-0.715	
002.490,-0.720	
002.500,-0.455	
002.510,-0.175	
002.520,-0.175	
002.530,-0.160	
002.540,-0.155	
002.550,-0.135	
002.560,-0.150	
002.570,-0.100	
002.580,-0.085	
002.590,-0.075	
002.600,-0.060	
002.610,-0.045	
002.620,-0.035	
002.630,0.020	
002.640,0.035	
002.650,0.060	
002.660,0.115	
002.670,0.150	
002.680,0.190	
002.690,0.235	
002.700,0.255	
002.710,0.270	
002.720,0.265	
002.730,0.280	
002.740,0.265	
002.750,0.235	
002.760,0.180	
002.770,0.140	
002.780,0.075	
002.790,0.040	
002.800,0.000	
002.810,-0.010	
002.820,-0.010	
002.830,-0.035	
002.840,-0.030	
002.850,-0.030	
002.860,-0.015	
002.870,-0.040	
002.880,-0.030	
002.890,0.000	
002.900,-0.025	
002.910,-0.035	
002.920,-0.035	
002.930,-0.035	
002.940,-0.055	
002.950,-0.050	
002.960,-0.050	
002.970,-0.070	
002.980,-0.065	
002.990,-0.065	
003.000,-0.080	
003.010,-0.070	
003.020,-0.090	
003.030,-0.090	
003.040,-0.075	
003.050,-0.085	
003.060,-0.085	
003.070,-0.095	
003.080,-0.095	
003.090,-0.090	
003.100,-0.105	
003.110,-0.085	
003.120,-0.110	
003.130,-0.090	
003.140,-0.120	
003.150,-0.095	
003.160,-0.075	
003.170,0.000	
003.180,0.015	
003.190,0.030	
003.200,0.150	
003.210,0.120	
003.220,0.050	
003.230,0.000	
003.240,-0.040	
003.250,-0.095	
003.260,-0.205	
003.270,-0.205	
003.280,-0.210	
003.290,-0.205	
003.300,-0.240	
003.310,-0.110	
003.320,0.430	
003.330,1.275	
003.340,1.605	
003.350,0.000	
003.360,-0.795	
003.370,-0.650	
003.380,-0.405	
003.390,-0.160	
003.400,-0.165	
003.410,-0.160	
003.420,-0.160	
003.430,-0.145	
003.440,-0.155	
003.450,-0.110	
003.460,-0.090	
003.470,-0.090	
003.480,-0.065	
003.490,-0.025	
003.500,-0.010	
003.510,0.020	
003.520,0.015	
003.530,0.070	
003.540,0.110	
003.550,0.190	
003.560,0.200	
003.570,0.250	
003.580,0.270	
003.590,0.275	
003.600,0.295	
003.610,0.290	
003.620,0.260	
003.630,0.235	
003.640,0.195	
003.650,0.140	
003.660,0.070	
003.670,0.050	
003.680,0.035	
003.690,-0.005	
003.700,-0.015	
003.710,-0.015	
003.720,-0.020	
003.730,-0.020	
003.740,-0.015	
003.750,-0.025	
003.760,-0.020	
003.770,-0.020	
003.780,-0.020	
003.790,-0.020	
003.800,-0.035	
003.810,-0.035	
003.820,-0.030	
003.830,-0.045	
003.840,-0.055	
003.850,-0.050	
003.860,-0.055	
003.870,-0.065	
003.880,-0.070	
003.890,-0.075	
003.900,-0.080	
003.910,-0.090	
003.920,-0.090	
003.930,-0.110	
003.940,-0.060	
003.950,-0.100	
003.960,-0.075	
003.970,-0.090	
003.980,-0.080	
003.990,-0.085	
004.000,-0.110	
004.010,-0.095	
004.020,-0.070	
004.030,-0.080	
004.040,-0.090	
004.050,-0.105	
004.060,0.015	
004.070,0.010	
004.080,0.030	
004.090,0.125	
004.100,0.145	
004.110,0.100	
004.120,0.025	
004.130,-0.055	
004.140,-0.060	
004.150,-0.165	
004.160,-0.190	
004.170,-0.220	
004.180,-0.185	
004.190,-0.235	
004.200,-0.175	
004.210,0.275	
004.220,1.185	
004.230,1.720	
004.240,0.175	
004.250,-0.690	
004.260,-0.715	
004.270,-0.460	
004.280,-0.185	
004.290,-0.160	
004.300,-0.165	
004.310,-0.135	
004.320,-0.110	
004.330,-0.140	
004.340,-0.110	
004.350,-0.100	
004.360,-0.060	
004.370,-0.060	
004.380,-0.040	
004.390,-0.005	
004.400,0.005	
004.410,0.005	
004.420,0.080	
004.430,0.095	
004.440,0.145	
004.450,0.175	
004.460,0.225	
004.470,0.245	
004.480,0.250	
004.490,0.245	
004.500,0.275	
004.510,0.250	
004.520,0.235	
004.530,0.200	
004.540,0.140	
004.550,0.085	
004.560,0.035	
004.570,0.015	
004.580,-0.025	
004.590,-0.015	
004.600,-0.020	
004.610,-0.055	
004.620,-0.020	
004.630,-0.045	
004.640,-0.015	
004.650,-0.035	
004.660,-0.020	
004.670,-0.025	
004.680,-0.030	
004.690,-0.050	
004.700,-0.040	
004.710,-0.020	
004.720,-0.065	
004.730,-0.080	
004.740,-0.070	
004.750,-0.050	
004.760,-0.085	
004.770,-0.075	
004.780,-0.075	
004.790,-0.080	
004.800,-0.085	
004.810,-0.100	
004.820,-0.080	
004.830,-0.105	
004.840,-0.095	
004.850,-0.120	
004.860,-0.070	
004.870,-0.110	
004.880,-0.110	
004.890,-0.075	
004.900,-0.025	
004.910,0.020	
004.920,0.015	
004.930,0.105	
004.940,0.195	
004.950,0.110	
004.960,0.040	
004.970,-0.025	
004.980,-0.015	
004.990,-0.160	
005.000,-0.185	
005.010,-0.230	
005.020,-0.190	
005.030,-0.170	
005.040,-0.265	
005.050,0.090	
005.060,0.950	
005.070,1.615	
005.080,0.615	
005.090,-0.445	
005.100,-0.755	
005.110,-0.555	
005.120,-0.265	
005.130,-0.185	
005.140,-0.175	
005.150,-0.165	
005.160,-0.155	
005.170,-0.165	
005.180,-0.120	
005.190,-0.105	
005.200,-0.075	
005.210,-0.075	
005.220,-0.055	
005.230,-0.030	
005.240,0.000	
005.250,0.000	
005.260,0.065	
005.270,0.100	
005.280,0.150	
005.290,0.170	
005.300,0.185	
005.310,0.255	
005.320,0.255	
005.330,0.245	
005.340,0.275	
005.350,0.270	
005.360,0.245	
005.370,0.195	
005.380,0.165	
005.390,0.100	
005.400,0.035	
005.410,0.000	
005.420,0.000	
005.430,-0.030	
005.440,-0.035	
005.450,-0.050	
005.460,-0.040	
005.470,-0.015	
005.480,-0.035	
005.490,-0.015	
005.500,-0.040	
005.510,-0.035	
005.520,-0.030	
005.530,-0.040	
005.540,-0.040	
005.550,-0.065	
005.560,-0.060	
005.570,-0.055	
005.580,-0.070	
005.590,-0.085	
005.600,-0.075	
005.610,-0.090	
005.620,-0.090	
005.630,-0.090	
005.640,-0.095	
005.650,-0.075	
005.660,-0.100	
005.670,-0.115	
005.680,-0.110	
005.690,-0.095	
005.700,-0.095	
005.710,-0.085	
005.720,-0.095	
005.730,-0.060	
005.740,0.005	
005.750,0.010	
005.760,0.090	
005.770,0.165	
005.780,0.115	
005.790,0.020	
005.800,-0.020	
005.810,-0.060	
005.820,-0.140	
005.830,-0.210	
005.840,-0.220	
005.850,-0.200	
005.860,-0.220	
005.870,-0.250	
005.880,0.045	
005.890,0.825	
005.900,1.530	
005.910,0.890	
005.920,-0.325	
005.930,-0.780	
005.940,-0.550	
005.950,-0.300	
005.960,-0.185	
005.970,-0.160	
005.980,-0.170	
005.990,-0.155	
006.000,-0.145	
006.010,-0.120	
006.020,-0.105	
006.030,-0.110	
006.040,-0.075	
006.050,-0.040	
006.060,-0.040	
006.070,0.005	
006.080,0.020	
006.090,0.070	
006.100,0.095	
006.110,0.130	
006.120,0.180	
006.130,0.205	
006.140,0.250	
006.150,0.270	
006.160,0.285	
006.170,0.285	
006.180,0.285	
006.190,0.275	
006.200,0.225	
006.210,0.155	
006.220,0.120	
006.230,0.070	
006.240,0.000	
006.250,-0.005	
006.260,-0.005	
006.270,-0.005	
006.280,-0.005	
006.290,-0.030	
006.300,-0.030	
006.310,-0.020	
006.320,0.005	
006.330,-0.020	
006.340,-0.025	
006.350,0.000	
006.360,-0.030	
006.370,-0.045	
006.380,-0.035	
006.390,-0.030	
006.400,-0.070	
006.410,-0.075	
006.420,-0.065	
006.430,-0.080	
006.440,-0.065	
006.450,-0.090	
006.460,-0.070	
006.470,-0.095	
006.480,-0.090	
006.490,-0.100	
006.500,-0.090	
006.510,-0.070	
006.520,-0.080	
006.530,-0.110	
006.540,-0.090	
006.550,-0.055	
006.560,-0.035	
006.570,0.020	
006.580,0.025	
006.590,0.090	
006.600,0.175	
006.610,0.115	
006.620,0.030	
006.630,-0.005	
006.640,-0.045	
006.650,-0.150	
006.660,-0.195	
006.670,-0.215	
006.680,-0.200	
006.690,-0.195	
006.700,-0.235	
006.710,0.060	
006.720,0.850	
006.730,1.530	
006.740,0.890	
006.750,-0.320	
006.760,-0.780	
006.770,-0.525	
006.780,-0.260	
006.790,-0.165	
006.800,-0.165	
006.810,-0.175	
006.820,-0.150	
006.830,-0.135	
006.840,-0.125	
006.850,-0.090	
006.860,-0.090	
006.870,-0.085	
006.880,-0.055	
006.890,-0.030	
006.900,0.000	
006.910,0.020	
006.920,0.075	
006.930,0.085	
006.940,0.130	
006.950,0.185	
006.960,0.225	
006.970,0.255	
006.980,0.265	
006.990,0.265	
007.000,0.280	
007.010,0.270	
007.020,0.255	
007.030,0.195	
007.040,0.165	
007.050,0.115	
007.060,0.060	
007.070,0.035	
007.080,0.015	
007.090,-0.005	
007.100,-0.030	
007.110,-0.025	
007.120,-0.015	
007.130,-0.010	
007.140,0.000	
007.150,-0.015	
007.160,-0.005	
007.170,-0.010	
007.180,-0.005	
007.190,-0.015	
007.200,-0.010	
007.210,-0.025	
007.220,-0.030	
007.230,-0.035	
007.240,-0.040	
007.250,-0.060	
007.260,-0.045	
007.270,-0.055	
007.280,-0.065	
007.290,-0.070	
007.300,-0.070	
007.310,-0.075	
007.320,-0.080	
007.330,-0.075	
007.340,-0.080	
007.350,-0.085	
007.360,-0.090	
007.370,-0.085	
007.380,-0.075	
007.390,-0.080	
007.400,-0.065	
007.410,-0.080	
007.420,-0.075	
007.430,-0.090	
007.440,-0.080	
007.450,-0.085	
007.460,-0.090	
007.470,-0.080	
007.480,-0.005	
007.490,0.035	
007.500,0.035	
007.510,0.115	
007.520,0.155	
007.530,0.100	
007.540,0.020	
007.550,-0.050	
007.560,-0.035	
007.570,-0.140	
007.580,-0.180	
007.590,-0.215	
007.600,-0.190	
007.610,-0.190	
007.620,-0.205	
007.630,0.115	
007.640,0.990	
007.650,1.680	
007.660,0.540	
007.670,-0.525	
007.680,-0.680	
007.690,-0.430	
007.700,-0.190	
007.710,-0.165	
007.720,-0.160	
007.730,-0.180	
007.740,-0.155	
007.750,-0.150	
007.760,-0.140	
007.770,-0.125	
007.780,-0.100	
007.790,-0.105	
007.800,-0.060	
007.810,-0.040	
007.820,0.000	
007.830,0.005	
007.840,0.025	
007.850,0.060	
007.860,0.105	
007.870,0.155	
007.880,0.185	
007.890,0.205	
007.900,0.245	
007.910,0.245	
007.920,0.265	
007.930,0.265	
007.940,0.220	
007.950,0.185	
007.960,0.150	
007.970,0.115	
007.980,0.070	
007.990,0.015	
008.000,-0.005	
008.010,-0.020	
008.020,-0.030	
008.030,-0.015	
008.040,0.000	
008.050,-0.025	
008.060,-0.035	
008.070,-0.015	
008.080,-0.005	
008.090,-0.045	
008.100,-0.030	
008.110,-0.035	
008.120,-0.025	
008.130,-0.050	
008.140,-0.035	
008.150,-0.045	
008.160,-0.055	
008.170,-0.065	
008.180,-0.065	
008.190,-0.080	
008.200,-0.060	
008.210,-0.075	
008.220,-0.085	
008.230,-0.080	
008.240,-0.075	
008.250,-0.075	
008.260,-0.075	
008.270,-0.100	
008.280,-0.090	
008.290,-0.095	
008.300,-0.085	
008.310,-0.100	
008.320,-0.085	
008.330,-0.095	
008.340,-0.075	
008.350,-0.050	
008.360,0.000	
008.370,0.030	
008.380,0.055	
008.390,0.170	
008.400,0.145	
008.410,0.075	
008.420,-0.005	
008.430,-0.025	
008.440,-0.085	
008.450,-0.200	
008.460,-0.205	
008.470,-0.195	
008.480,-0.180	
008.490,-0.245	
008.500,-0.065	
008.510,0.420	
008.520,1.180	
008.530,1.445	
008.540,-0.010	
008.550,-0.765	
008.560,-0.675	
008.570,-0.410	
008.580,-0.175	
008.590,-0.170	
008.600,-0.130	
008.610,-0.140	
008.620,-0.130	
008.630,-0.150	
008.640,-0.115	
008.650,-0.100	
008.660,-0.060	
008.670,-0.045	
008.680,-0.045	
008.690,-0.050	
008.700,0.010	
008.710,0.035	
008.720,0.070	
008.730,0.110	
008.740,0.155	
008.750,0.165	
008.760,0.185	
008.770,0.225	
008.780,0.260	
008.790,0.235	
008.800,0.255	
008.810,0.215	
008.820,0.235	
008.830,0.185	
008.840,0.115	
008.850,0.070	
008.860,0.060	
008.870,0.020	
008.880,-0.010	
008.890,-0.005	
008.900,-0.025	
008.910,0.000	
008.920,-0.010	
008.930,-0.020	
008.940,-0.010	
008.950,-0.020	
008.960,-0.005	
008.970,-0.030	
008.980,-0.030	
008.990,-0.010	
009.000,-0.045	
009.010,-0.020	
009.020,-0.060	
009.030,-0.035	
009.040,-0.055	
009.050,-0.055	
009.060,-0.065	
009.070,-0.070	
009.080,-0.075	
009.090,-0.080	
009.100,-0.105	
009.110,-0.050	
009.120,-0.090	
009.130,-0.070	
009.140,-0.090	
009.150,-0.090	
009.160,-0.105	
009.170,-0.070	
009.180,-0.105	
009.190,-0.105	
009.200,-0.060	
009.210,-0.015	
009.220,0.020	
009.230,0.035	
009.240,0.140	
009.250,0.185	
009.260,0.105	
009.270,0.030	
009.280,-0.045	
009.290,-0.055	
009.300,-0.170	
009.310,-0.200	
009.320,-0.205	
009.330,-0.195	
009.340,-0.230	
009.350,-0.190	
009.360,0.240	
009.370,1.120	
009.380,1.655	
009.390,0.155	
009.400,-0.695	
009.410,-0.760	
009.420,-0.520	
009.430,-0.210	
009.440,-0.175	
009.450,-0.155	
009.460,-0.180	
009.470,-0.135	
009.480,-0.120	
009.490,-0.090	
009.500,-0.095	
009.510,-0.080	
009.520,-0.060	
009.530,-0.030	
009.540,-0.025	
009.550,0.015	
009.560,0.025	
009.570,0.080	
009.580,0.110	
009.590,0.160	
009.600,0.180	
009.610,0.230	
009.620,0.240	
009.630,0.245	
009.640,0.255	
009.650,0.250	
009.660,0.255	
009.670,0.215	
009.680,0.185	
009.690,0.135	
009.700,0.095	
009.710,0.055	
009.720,0.000	
009.730,0.000	
009.740,0.000	
009.750,-0.015	
009.760,-0.040	
009.770,-0.025	
009.780,-0.010	
009.790,-0.025	
009.800,-0.015	
009.810,-0.020	
009.820,-0.025	
009.830,-0.040	
009.840,-0.040	
009.850,-0.010	
009.860,-0.055	
009.870,-0.040	
009.880,-0.060	
009.890,-0.080	
009.900,-0.065	
009.910,-0.065	
009.920,-0.080	
009.930,-0.065	
009.940,-0.085	
009.950,-0.090	
009.960,-0.090	
009.970,-0.085	
009.980,-0.110	
009.990,-0.100	
010.000,-0.100	
010.010,-0.100	
010.020,-0.105	
010.030,-0.090	
010.040,-0.090	
010.050,-0.040	
010.060,0.025	
010.070,0.025	
010.080,0.110	
010.090,0.160	
010.100,0.090	
010.110,0.010	
010.120,-0.035	
010.130,-0.060	
010.140,-0.165	
010.150,-0.205	
010.160,-0.205	
010.170,-0.190	
010.180,-0.215	
010.190,-0.250	
010.200,0.085	
010.210,0.935	
010.220,1.595	
010.230,0.655	
010.240,-0.435	
010.250,-0.745	
010.260,-0.505	
010.270,-0.230	
010.280,-0.195	
010.290,-0.175	
010.300,-0.150	
010.310,-0.150	
010.320,-0.140	
010.330,-0.115	
010.340,-0.115	
010.350,-0.065	
010.360,-0.090	
010.370,-0.055	
010.380,-0.025	
010.390,0.000	
010.400,0.025	
010.410,0.050	
010.420,0.085	
010.430,0.125	
010.440,0.175	
010.450,0.195	
010.460,0.210	
010.470,0.235	
010.480,0.255	
010.490,0.255	
010.500,0.240	
010.510,0.235	
010.520,0.200	
010.530,0.140	
010.540,0.080	
010.550,0.065	
010.560,0.010	
010.570,-0.005	
010.580,-0.020	
010.590,-0.010	
010.600,-0.005	
010.610,-0.020	
010.620,-0.025	
010.630,-0.025	
010.640,-0.015	
010.650,-0.005	
010.660,-0.020	
010.670,-0.040	
010.680,-0.020	
010.690,-0.015	
010.700,-0.045	
010.710,-0.060	
010.720,-0.055	
010.730,-0.085	
010.740,-0.070	
010.750,-0.075	
010.760,-0.060	
010.770,-0.080	
010.780,-0.085	
010.790,-0.075	
010.800,-0.065	
010.810,-0.090	
010.820,-0.080	
010.830,-0.080	
010.840,-0.100	
010.850,-0.105	
010.860,-0.070	
010.870,-0.125	
010.880,-0.105	
010.890,-0.120	
010.900,-0.100	
010.910,-0.075	
010.920,-0.025	
010.930,0.040	
010.940,0.020	
010.950,0.110	
010.960,0.170	
010.970,0.115	
010.980,0.000	
010.990,-0.040	
011.000,-0.035	
011.010,-0.150	
011.020,-0.205	
011.030,-0.195	
011.040,-0.190	
011.050,-0.200	
011.060,-0.225	
011.070,0.090	
011.080,0.885	
011.090,1.545	
011.100,0.745	
011.110,-0.405	
011.120,-0.725	
011.130,-0.465	
011.140,-0.210	
011.150,-0.165	
011.160,-0.140	
011.170,-0.135	
011.180,-0.130	
011.190,-0.140	
011.200,-0.100	
011.210,-0.085	
011.220,-0.085	
011.230,-0.075	
011.240,-0.045	
011.250,-0.030	
011.260,0.005	
011.270,0.015	
011.280,0.070	
011.290,0.090	
011.300,0.130	
011.310,0.175	
011.320,0.200	
011.330,0.235	
011.340,0.255	
011.350,0.240	
011.360,0.260	
011.370,0.275	
011.380,0.245	
011.390,0.205	
011.400,0.155	
011.410,0.115	
011.420,0.080	
011.430,0.055	
011.440,-0.020	
011.450,-0.010	
011.460,-0.015	
011.470,-0.020	
011.480,-0.030	
011.490,0.000	
011.500,0.000	
011.510,-0.005	
011.520,-0.005	
011.530,-0.020	
011.540,-0.020	
011.550,-0.005	
011.560,-0.030	
011.570,-0.055	
011.580,-0.040	
011.590,-0.060	
011.600,-0.050	
011.610,-0.070	
011.620,-0.065	
011.630,-0.065	
011.640,-0.065	
011.650,-0.095	
011.660,-0.075	
011.670,-0.070	
011.680,-0.080	
011.690,-0.090	
011.700,-0.075	
011.710,-0.105	
011.720,-0.080	
011.730,-0.120	
011.740,-0.075	
011.750,-0.055	
011.760,-0.015	
011.770,0.050	
011.780,0.025	
011.790,0.140	
011.800,0.205	
011.810,0.100	
011.820,0.010	
011.830,-0.020	
011.840,-0.045	
011.850,-0.180	
011.860,-0.165	
011.870,-0.200	
011.880,-0.170	
011.890,-0.230	
011.900,-0.210	
011.910,0.190	
011.920,1.050	
011.930,1.605	
011.940,0.235	
011.950,-0.600	
011.960,-0.735	
011.970,-0.500	
011.980,-0.215	
011.990,-0.185	
012.000,-0.155	
012.010,-0.150	
012.020,-0.125	
012.030,-0.115	
012.040,-0.090	
012.050,-0.120	
012.060,-0.065	
012.070,-0.060	
012.080,-0.020	
012.090,-0.025	
012.100,0.020	
012.110,0.020	
012.120,0.065	
012.130,0.085	
012.140,0.130	
012.150,0.155	
012.160,0.190	
012.170,0.215	
012.180,0.245	
012.190,0.245	
012.200,0.235	
012.210,0.215	
012.220,0.220	
012.230,0.175	
012.240,0.115	
012.250,0.080	
012.260,0.060	
012.270,0.030	
012.280,-0.005	
012.290,-0.010	
012.300,-0.030	
012.310,-0.015	
012.320,-0.030	
012.330,-0.010	
012.340,-0.025	
012.350,-0.015	
012.360,-0.030	
012.370,-0.030	
012.380,-0.035	
012.390,-0.040	
012.400,-0.055	
012.410,-0.045	
012.420,-0.045	
012.430,-0.045	
012.440,-0.070	
012.450,-0.085	
012.460,-0.080	
012.470,-0.090	
012.480,-0.085	
012.490,-0.080	
012.500,-0.085	
012.510,-0.090	
012.520,-0.090	
012.530,-0.085	
012.540,-0.105	
012.550,-0.110	
012.560,-0.100	
012.570,-0.105	
012.580,-0.115	
012.590,-0.090	
012.600,-0.015	
012.610,0.010	
012.620,0.000	
012.630,0.065	
012.640,0.160	
012.650,0.115	
012.660,0.045	
012.670,-0.015	
012.680,-0.035	
012.690,-0.165	
012.700,-0.205	
012.710,-0.205	
012.720,-0.215	
012.730,-0.210	
012.740,-0.270	
012.750,0.000	
012.760,0.720	
012.770,1.375	
012.780,0.965	
012.790,-0.260	
012.800,-0.810	
012.810,-0.585	
012.820,-0.305	
012.830,-0.175	
012.840,-0.190	
012.850,-0.145	
012.860,-0.140	
012.870,-0.170	
012.880,-0.145	
012.890,-0.115	
012.900,-0.110	
012.910,-0.080	
012.920,-0.075	
012.930,-0.040	
012.940,-0.020	
012.950,-0.005	
012.960,0.040	
012.970,0.065	
012.980,0.095	
012.990,0.125	
013.000,0.175	
013.010,0.195	
013.020,0.200	
013.030,0.230	
013.040,0.240	
013.050,0.245	
013.060,0.235	
013.070,0.180	
013.080,0.150	
013.090,0.095	
013.100,0.055	
013.110,0.025	
013.120,0.000	
013.130,-0.030	
013.140,-0.015	
013.150,-0.025	
013.160,-0.030	
013.170,-0.035	
013.180,-0.025	
013.190,-0.015	
013.200,-0.010	
013.210,-0.015	
013.220,-0.040	
013.230,-0.035	
013.240,-0.030	
013.250,-0.055	
013.260,-0.055	
013.270,-0.085	
013.280,-0.075	
013.290,-0.080	
013.300,-0.085	
013.310,-0.095	
013.320,-0.095	
013.330,-0.110	
013.340,-0.090	
013.350,-0.115	
013.360,-0.105	
013.370,-0.100	
013.380,-0.100	
013.390,-0.115	
013.400,-0.110	
013.410,-0.120	
013.420,-0.135	
013.430,-0.115	
013.440,-0.090	
013.450,-0.060	
013.460,0.000	
013.470,0.020	
013.480,0.035	
013.490,0.155	
013.500,0.135	
013.510,0.040	
013.520,0.000	
013.530,-0.040	
013.540,-0.090	
013.550,-0.205	
013.560,-0.200	
013.570,-0.210	
013.580,-0.185	
013.590,-0.210	
013.600,-0.115	
013.610,0.350	
013.620,1.280	
013.630,1.695	
013.640,-0.015	
013.650,-0.790	
013.660,-0.575	
013.670,-0.355	
013.680,-0.145	
013.690,-0.185	
013.700,-0.160	
013.710,-0.150	
013.720,-0.140	
013.730,-0.130	
013.740,-0.085	
013.750,-0.120	
013.760,-0.070	
013.770,-0.070	
013.780,-0.025	
013.790,-0.005	
013.800,0.010	
013.810,0.025	
013.820,0.090	
013.830,0.090	
013.840,0.145	
013.850,0.180	
013.860,0.205	
013.870,0.235	
013.880,0.255	
013.890,0.260	
013.900,0.270	
013.910,0.250	
013.920,0.205	
013.930,0.170	
013.940,0.115	
013.950,0.080	
013.960,0.055	
013.970,0.010	
013.980,-0.015	
013.990,0.000	
014.000,-0.015	
014.010,-0.025	
014.020,-0.020	
014.030,-0.030	
014.040,-0.020	
014.050,-0.015	
014.060,-0.020	
014.070,-0.025	
014.080,-0.010	
014.090,-0.015	
014.100,-0.030	
014.110,-0.050	
014.120,-0.055	
014.130,-0.050	
014.140,-0.050	
014.150,-0.065	
014.160,-0.065	
014.170,-0.055	
014.180,-0.065	
014.190,-0.080	
014.200,-0.090	
014.210,-0.080	
014.220,-0.085	
014.230,-0.070	
014.240,-0.095	
014.250,-0.070	
014.260,-0.085	
014.270,-0.080	
014.280,0.000	
014.290,0.010	
014.300,0.060	
014.310,0.080	
014.320,0.205	
014.330,0.170	
014.340,0.095	
014.350,0.005	
014.360,-0.030	
014.370,-0.080	
014.380,-0.190	
014.390,-0.165	
014.400,-0.190	
014.410,-0.165	
014.420,-0.220	
014.430,0.015	
014.440,0.600	
014.450,1.280	
014.460,1.110	
014.470,-0.135	
014.480,-0.775	
014.490,-0.635	
014.500,-0.345	
014.510,-0.160	
014.520,-0.150	
014.530,-0.155	
014.540,-0.140	
014.550,-0.125	
014.560,-0.135	
014.570,-0.100	
014.580,-0.080	
014.590,-0.075	
014.600,-0.045	
014.610,-0.035	
014.620,0.005	
014.630,0.010	
014.640,0.025	
014.650,0.075	
014.660,0.100	
014.670,0.165	
014.680,0.180	
014.690,0.205	
014.700,0.230	
014.710,0.240	
014.720,0.230	
014.730,0.250	
014.740,0.215	
014.750,0.195	
014.760,0.155	
014.770,0.090	
014.780,0.065	
014.790,0.025	
014.800,-0.025	
014.810,0.000	
014.820,-0.020	
014.830,-0.020	
014.840,-0.010	
014.850,-0.015	
014.860,-0.025	
014.870,-0.020	
014.880,-0.035	
014.890,-0.040	
014.900,-0.020	
014.910,-0.055	
014.920,-0.055	
014.930,-0.070	
014.940,-0.045	
014.950,-0.065	
014.960,-0.075	
014.970,-0.105	
014.980,-0.085	
014.990,-0.090	
015.000,-0.085	
015.010,-0.095	
015.020,-0.085	
015.030,-0.105	
015.040,-0.095	
015.050,-0.095	
015.060,-0.100	
015.070,-0.050	
015.080,0.015	
015.090,0.040	
015.100,0.060	
015.110,0.150	
015.120,0.160	
015.130,0.055	
015.140,-0.005	
015.150,-0.045	
015.160,-0.100	
015.170,-0.200	
015.180,-0.190	
015.190,-0.240	
015.200,-0.205	
015.210,-0.235	
015.220,-0.110	
015.230,0.375	
015.240,1.210	
015.250,1.525	
015.260,-0.035	
015.270,-0.805	
015.280,-0.700	
015.290,-0.405	
015.300,-0.180	
015.310,-0.175	
015.320,-0.160	
015.330,-0.160	
015.340,-0.135	
015.350,-0.130	
015.360,-0.115	
015.370,-0.120	
015.380,-0.070	
015.390,-0.070	
015.400,-0.030	
015.410,-0.010	
015.420,0.020	
015.430,0.025	
015.440,0.065	
015.450,0.090	
015.460,0.165	
015.470,0.175	
015.480,0.210	
015.490,0.225	
015.500,0.230	
015.510,0.240	
015.520,0.250	
015.530,0.235	
015.540,0.190	
015.550,0.175	
015.560,0.095	
015.570,0.050	
015.580,0.025	
015.590,0.000	
015.600,-0.025	
015.610,-0.020	
015.620,-0.050	
015.630,-0.040	
015.640,-0.025	
015.650,-0.040	
015.660,-0.030	
015.670,-0.030	
015.680,-0.005	
015.690,-0.040	
015.700,-0.055	
015.710,-0.055	
015.720,-0.065	
015.730,-0.080	
015.740,-0.060	
015.750,-0.085	
015.760,-0.065	
015.770,-0.095	
015.780,-0.090	
015.790,-0.100	
015.800,-0.100	
015.810,-0.090	
015.820,-0.100	
015.830,-0.105	
015.840,-0.095	
015.850,-0.130	
015.860,-0.115	
015.870,-0.070	
015.880,-0.030	
015.890,0.015	
015.900,0.025	
015.910,0.150	
015.920,0.155	
015.930,0.080	
015.940,0.030	
015.950,-0.015	
015.960,-0.055	
015.970,-0.195	
015.980,-0.195	
015.990,-0.195	
016.000,-0.165	
016.010,-0.215	
016.020,-0.230	
016.030,0.165	
016.040,1.040	
016.050,1.670	
016.060,0.425	
016.070,-0.555	
016.080,-0.695	
016.090,-0.440	
016.100,-0.170	
016.110,-0.165	
016.120,-0.155	
016.130,-0.145	
016.140,-0.125	
016.150,-0.120	
016.160,-0.115	
016.170,-0.095	
016.180,-0.050	
016.190,-0.075	
016.200,-0.035	
016.210,-0.035	
016.220,0.000	
016.230,0.030	
016.240,0.065	
016.250,0.090	
016.260,0.150	
016.270,0.190	
016.280,0.190	
016.290,0.190	
016.300,0.225	
016.310,0.235	
016.320,0.260	
016.330,0.245	
016.340,0.240	
016.350,0.190	
016.360,0.130	
016.370,0.105	
016.380,0.065	
016.390,0.030	
016.400,0.005	
016.410,0.000	
016.420,0.000	
016.430,-0.020	
016.440,-0.030	
016.450,-0.015	
016.460,-0.020	
016.470,-0.015	
016.480,-0.015	
016.490,-0.025	
016.500,-0.040	
016.510,-0.040	
016.520,-0.040	
016.530,-0.040	
016.540,-0.035	
016.550,-0.055	
016.560,-0.055	
016.570,-0.080	
016.580,-0.075	
016.590,-0.085	
016.600,-0.080	
016.610,-0.090	
016.620,-0.085	
016.630,-0.090	
016.640,-0.085	
016.650,-0.080	
016.660,-0.080	
016.670,-0.100	
016.680,-0.090	
016.690,-0.100	
016.700,-0.075	
016.710,-0.045	
016.720,0.010	
016.730,0.030	
016.740,0.045	
016.750,0.170	
016.760,0.155	
016.770,0.055	
016.780,0.030	
016.790,-0.030	
016.800,-0.060	
016.810,-0.190	
016.820,-0.175	
016.830,-0.210	
016.840,-0.180	
016.850,-0.215	
016.860,-0.165	
016.870,0.280	
016.880,1.170	
016.890,1.670	
016.900,0.040	
016.910,-0.755	
016.920,-0.605	
016.930,-0.345	
016.940,-0.130	
016.950,-0.165	
016.960,-0.155	
016.970,-0.155	
016.980,-0.125	
016.990,-0.125	
017.000,-0.080	
017.010,-0.100	
017.020,-0.060	
017.030,-0.050	
017.040,-0.025	
017.050,0.000	
017.060,0.030	
017.070,0.045	
017.080,0.070	
017.090,0.105	
017.100,0.160	
017.110,0.185	
017.120,0.215	
017.130,0.215	
017.140,0.240	
017.150,0.260	
017.160,0.260	
017.170,0.245	
017.180,0.230	
017.190,0.180	
017.200,0.155	
017.210,0.110	
017.220,0.050	
017.230,0.010	
017.240,0.005	
017.250,0.015	
017.260,-0.010	
017.270,0.015	
017.280,0.000	
017.290,0.005	
017.300,0.010	
017.310,-0.010	
017.320,0.005	
017.330,-0.015	
017.340,0.000	
017.350,-0.015	
017.360,-0.015	
017.370,-0.040	
017.380,-0.030	
017.390,-0.030	
017.400,-0.035	
017.410,-0.050	
017.420,-0.075	
017.430,-0.060	
017.440,-0.060	
017.450,-0.065	
017.460,-0.075	
017.470,-0.085	
017.480,-0.050	
017.490,-0.075	
017.500,-0.055	
017.510,-0.100	
017.520,-0.070	
017.530,-0.075	
017.540,-0.080	
017.550,-0.035	
017.560,0.015	
017.570,0.030	
017.580,0.085	
017.590,0.180	
017.600,0.155	
017.610,0.080	
017.620,0.000	
017.630,-0.050	
017.640,-0.100	
017.650,-0.185	
017.660,-0.190	
017.670,-0.195	
017.680,-0.155	
017.690,-0.215	
017.700,-0.110	
017.710,0.375	
017.720,1.110	
017.730,1.440	
017.740,0.015	
017.750,-0.750	
017.760,-0.660	
017.770,-0.385	
017.780,-0.165	
017.790,-0.175	
017.800,-0.135	
017.810,-0.155	
017.820,-0.125	
017.830,-0.110	
017.840,-0.105	
017.850,-0.100	
017.860,-0.045	
017.870,-0.075	
017.880,-0.050	
017.890,-0.015	
017.900,0.005	
017.910,0.050	
017.920,0.075	
017.930,0.080	
017.940,0.115	
017.950,0.150	
017.960,0.190	
017.970,0.185	
017.980,0.210	
017.990,0.230	
018.000,0.230	
018.010,0.205	
018.020,0.185	
018.030,0.165	
018.040,0.115	
018.050,0.050	
018.060,0.015	
018.070,0.005	
018.080,-0.025	
018.090,-0.010	
018.100,-0.035	
018.110,-0.035	
018.120,-0.020	
018.130,-0.030	
018.140,-0.035	
018.150,-0.045	
018.160,-0.030	
018.170,-0.035	
018.180,-0.030	
018.190,-0.050	
018.200,-0.060	
018.210,-0.065	
018.220,-0.060	
018.230,-0.085	
018.240,-0.085	
018.250,-0.110	
018.260,-0.070	
018.270,-0.065	
018.280,-0.075	
018.290,-0.100	
018.300,-0.095	
018.310,-0.115	
018.320,-0.080	
018.330,-0.110	
018.340,-0.090	
018.350,-0.100	
018.360,-0.085	
018.370,-0.045	
018.380,0.020	
018.390,0.055	
018.400,0.075	
018.410,0.180	
018.420,0.155	
018.430,0.105	
018.440,0.040	
018.450,-0.005	
018.460,-0.065	
018.470,-0.180	
018.480,-0.170	
018.490,-0.190	
018.500,-0.175	
018.510,-0.210	
018.520,-0.120	
018.530,0.395	
018.540,1.180	
018.550,1.535	
018.560,0.040	
018.570,-0.740	
018.580,-0.680	
018.590,-0.440	
018.600,-0.150	
018.610,-0.165	
018.620,-0.165	
018.630,-0.155	
018.640,-0.125	
018.650,-0.135	
018.660,-0.095	
018.670,-0.110	
018.680,-0.065	
018.690,-0.070	
018.700,-0.035	
018.710,-0.010	
018.720,-0.005	
018.730,0.010	
018.740,0.045	
018.750,0.090	
018.760,0.135	
018.770,0.160	
018.780,0.185	
018.790,0.195	
018.800,0.200	
018.810,0.215	
018.820,0.230	
018.830,0.245	
018.840,0.210	
018.850,0.155	
018.860,0.110	
018.870,0.075	
018.880,0.045	
018.890,-0.005	
018.900,0.005	
018.910,-0.015	
018.920,-0.015	
018.930,-0.035	
018.940,-0.010	
018.950,-0.025	
018.960,-0.055	
018.970,-0.030	
018.980,-0.035	
018.990,-0.060	
019.000,-0.035	
019.010,-0.060	
019.020,-0.055	
019.030,-0.055	
019.040,-0.070	
019.050,-0.105	
019.060,-0.100	
019.070,-0.100	
019.080,-0.085	
019.090,-0.105	
019.100,-0.100	
019.110,-0.115	
019.120,-0.105	
019.130,-0.125	
019.140,-0.120	
019.150,-0.080	
019.160,0.000	
019.170,0.025	
019.180,0.055	
019.190,0.150	
019.200,0.145	
019.210,0.060	
019.220,0.020	
019.230,-0.030	
019.240,-0.060	
019.250,-0.195	
019.260,-0.200	
019.270,-0.195	
019.280,-0.190	
019.290,-0.240	
019.300,-0.140	
019.310,0.360	
019.320,1.235	
019.330,1.615	
019.340,0.030	
019.350,-0.775	
019.360,-0.695	
019.370,-0.405	
019.380,-0.165	
019.390,-0.140	
019.400,-0.150	
019.410,-0.140	
019.420,-0.130	
019.430,-0.120	
019.440,-0.065	
019.450,-0.090	
019.460,-0.055	
019.470,-0.045	
019.480,-0.015	
019.490,0.005	
019.500,0.030	
019.510,0.060	
019.520,0.085	
019.530,0.115	
019.540,0.175	
019.550,0.195	
019.560,0.215	
019.570,0.255	
019.580,0.270	
019.590,0.260	
019.600,0.270	
019.610,0.255	
019.620,0.235	
019.630,0.165	
019.640,0.125	
019.650,0.075	
019.660,0.025	
019.670,0.000	
019.680,-0.015	
019.690,-0.005	
019.700,-0.020	
019.710,-0.035	
019.720,-0.030	
019.730,-0.015	
019.740,-0.005	
019.750,-0.020	
019.760,-0.015	
019.770,-0.010	
019.780,-0.040	
019.790,-0.040	
019.800,-0.060	
019.810,-0.060	
019.820,-0.065	
019.830,-0.040	
019.840,-0.095	
019.850,-0.065	
019.860,-0.075	
019.870,-0.065	
019.880,-0.085	
019.890,-0.105	
019.900,-0.095	
019.910,-0.085	
019.920,-0.080	
019.930,-0.090	
019.940,-0.055	
019.950,0.020	
019.960,0.035	
019.970,0.065	
019.980,0.175	
019.990,0.185	
020.000,0.080	
020.010,0.005	
020.020,-0.015	
020.030,-0.075	
020.040,-0.175	
020.050,-0.195	
020.060,-0.185	
020.070,-0.145	
020.080,-0.225	
020.090,-0.135	
020.100,0.370	
020.110,1.255	
020.120,1.690	
020.130,0.060	
020.140,-0.775	
020.150,-0.670	
020.160,-0.400	
020.170,-0.135	
020.180,-0.170	
020.190,-0.140	
020.200,-0.160	
020.210,-0.105	
020.220,-0.115	
020.230,-0.105	
020.240,-0.110	
020.250,-0.075	
020.260,-0.065	
020.270,-0.020	
020.280,-0.005	
020.290,0.000	
020.300,0.025	
020.310,0.065	
020.320,0.105	
020.330,0.130	
020.340,0.170	
020.350,0.200	
020.360,0.220	
020.370,0.255	
020.380,0.230	
020.390,0.245	
020.400,0.225	
020.410,0.190	
020.420,0.150	
020.430,0.115	
020.440,0.050	
020.450,0.000	
020.460,-0.005	
020.470,-0.030	
020.480,-0.060	
020.490,-0.035	
020.500,-0.050	
020.510,-0.040	
020.520,-0.045	
020.530,-0.035	
020.540,-0.035	
020.550,-0.025	
020.560,-0.040	
020.570,-0.020	
020.580,-0.040	
020.590,-0.060	
020.600,-0.080	
020.610,-0.075	
020.620,-0.080	
020.630,-0.080	
020.640,-0.110	
020.650,-0.110	
020.660,-0.095	
020.670,-0.095	
020.680,-0.085	
020.690,-0.085	
020.700,-0.115	
020.710,-0.110	
020.720,-0.095	
020.730,-0.085	
020.740,-0.105	
020.750,-0.100	
020.760,-0.115	
020.770,-0.100	
020.780,-0.090	
020.790,-0.050	
020.800,0.015	
020.810,0.005	
020.820,0.110	
020.830,0.150	
020.840,0.085	
020.850,0.000	
020.860,-0.050	
020.870,-0.065	
020.880,-0.200	
020.890,-0.230	
020.900,-0.240	
020.910,-0.190	
020.920,-0.235	
020.930,-0.260	
020.940,0.070	
020.950,0.920	
020.960,1.555	
020.970,0.600	
020.980,-0.470	
020.990,-0.770	
021.000,-0.495	
021.010,-0.240	
021.020,-0.190	
021.030,-0.170	
021.040,-0.180	
021.050,-0.170	
021.060,-0.165	
021.070,-0.155	
021.080,-0.150	
021.090,-0.115	
021.100,-0.100	
021.110,-0.055	
021.120,-0.045	
021.130,-0.025	
021.140,0.005	
021.150,0.030	
021.160,0.060	
021.170,0.090	
021.180,0.130	
021.190,0.175	
021.200,0.200	
021.210,0.225	
021.220,0.220	
021.230,0.225	
021.240,0.225	
021.250,0.230	
021.260,0.170	
021.270,0.125	
021.280,0.105	
021.290,0.045	
021.300,0.020	
021.310,0.000	
021.320,-0.020	
021.330,-0.025	
021.340,-0.030	
021.350,-0.040	
021.360,-0.015	
021.370,-0.025	
021.380,-0.030	
021.390,-0.020	
021.400,-0.030	
021.410,-0.015	
021.420,-0.055	
021.430,-0.050	
021.440,-0.060	
021.450,-0.045	
021.460,-0.080	
021.470,-0.075	
021.480,-0.085	
021.490,-0.075	
021.500,-0.090	
021.510,-0.100	
021.520,-0.110	
021.530,-0.100	
021.540,-0.110	
021.550,-0.100	
021.560,-0.100	
021.570,-0.090	
021.580,-0.115	
021.590,-0.100	
021.600,-0.130	
021.610,-0.105	
021.620,-0.125	
021.630,-0.105	
021.640,-0.065	
021.650,-0.005	
021.660,0.045	
021.670,0.040	
021.680,0.145	
021.690,0.120	
021.700,0.060	
021.710,0.010	
021.720,-0.035	
021.730,-0.060	
021.740,-0.185	
021.750,-0.190	
021.760,-0.220	
021.770,-0.170	
021.780,-0.225	
021.790,-0.220	
021.800,0.165	
021.810,1.125	
021.820,1.740	
021.830,0.205	
021.840,-0.670	
021.850,-0.600	
021.860,-0.350	
021.870,-0.140	
021.880,-0.165	
021.890,-0.145	
021.900,-0.155	
021.910,-0.125	
021.920,-0.125	
021.930,-0.100	
021.940,-0.095	
021.950,-0.045	
021.960,-0.035	
021.970,-0.020	
021.980,-0.020	
021.990,0.010	
022.000,0.045	
022.010,0.070	
022.020,0.090	
022.030,0.135	
022.040,0.180	
022.050,0.200	
022.060,0.220	
022.070,0.255	
022.080,0.240	
022.090,0.255	
022.100,0.230	
022.110,0.230	
022.120,0.195	
022.130,0.160	
022.140,0.110	
022.150,0.050	
022.160,0.010	
022.170,0.030	
022.180,0.015	
022.190,-0.015	
022.200,-0.005	
022.210,0.005	
022.220,0.010	
022.230,0.000	
022.240,-0.005	
022.250,0.015	
022.260,0.015	
022.270,-0.015	
022.280,-0.005	
022.290,0.000	
022.300,-0.015	
022.310,-0.035	
022.320,-0.050	
022.330,-0.040	
022.340,-0.055	
022.350,-0.035	
022.360,-0.065	
022.370,-0.075	
022.380,-0.055	
022.390,-0.070	
022.400,-0.055	
022.410,-0.080	
022.420,-0.090	
022.430,-0.070	
022.440,-0.070	
022.450,-0.065	
022.460,-0.060	
022.470,-0.080	
022.480,-0.090	
022.490,-0.060	
022.500,-0.070	
022.510,-0.085	
022.520,-0.085	
022.530,-0.060	
022.540,-0.085	
022.550,-0.085	
022.560,-0.060	
022.570,-0.010	
022.580,0.025	
022.590,0.040	
022.600,0.085	
022.610,0.200	
022.620,0.125	
022.630,0.040	
022.640,-0.020	
022.650,-0.015	
022.660,-0.125	
022.670,-0.190	
022.680,-0.190	
022.690,-0.180	
022.700,-0.175	
022.710,-0.225	
022.720,0.045	
022.730,0.735	
022.740,1.335	
022.750,0.755	
022.760,-0.275	
022.770,-0.710	
022.780,-0.540	
022.790,-0.300	
022.800,-0.150	
022.810,-0.140	
022.820,-0.135	
022.830,-0.130	
022.840,-0.130	
022.850,-0.115	
022.860,-0.115	
022.870,-0.085	
022.880,-0.055	
022.890,-0.040	
022.900,-0.030	
022.910,0.015	
022.920,0.015	
022.930,0.045	
022.940,0.065	
022.950,0.100	
022.960,0.140	
022.970,0.170	
022.980,0.190	
022.990,0.215	
023.000,0.240	
023.010,0.240	
023.020,0.215	
023.030,0.215	
023.040,0.190	
023.050,0.185	
023.060,0.135	
023.070,0.090	
023.080,0.050	
023.090,0.025	
023.100,0.030	
023.110,0.035	
023.120,0.000	
023.130,0.000	
023.140,0.010	
023.150,0.010	
023.160,0.010	
023.170,0.015	
023.180,0.000	
023.190,-0.015	
023.200,-0.020	
023.210,-0.015	
023.220,-0.005	
023.230,-0.025	
023.240,-0.030	
023.250,-0.060	
023.260,-0.045	
023.270,-0.035	
023.280,-0.045	
023.290,-0.065	
023.300,-0.035	
023.310,-0.050	
023.320,-0.075	
023.330,-0.070	
023.340,-0.065	
023.350,-0.080	
023.360,-0.065	
023.370,-0.070	
023.380,-0.070	
023.390,-0.070	
023.400,-0.080	
023.410,-0.095	
023.420,-0.070	
023.430,-0.020	
023.440,0.030	
023.450,0.055	
023.460,0.090	
023.470,0.215	
023.480,0.140	
023.490,0.085	
023.500,0.005	
023.510,0.005	
023.520,-0.095	
023.530,-0.170	
023.540,-0.180	
023.550,-0.155	
023.560,-0.155	
023.570,-0.220	
023.580,0.055	
023.590,0.705	
023.600,1.310	
023.610,0.890	
023.620,-0.180	
023.630,-0.720	
023.640,-0.600	
023.650,-0.315	
023.660,-0.140	
023.670,-0.130	
023.680,-0.150	
023.690,-0.130	
023.700,-0.130	
023.710,-0.095	
023.720,-0.060	
023.730,-0.080	
023.740,-0.050	
023.750,-0.025	
023.760,0.000	
023.770,0.020	
023.780,0.030	
023.790,0.080	
023.800,0.100	
023.810,0.125	
023.820,0.150	
023.830,0.185	
023.840,0.220	
023.850,0.235	
023.860,0.230	
023.870,0.255	
023.880,0.245	
023.890,0.220	
023.900,0.195	
023.910,0.175	
023.920,0.120	
023.930,0.085	
023.940,0.060	
023.950,0.010	
023.960,0.000	
023.970,-0.010	
023.980,0.000	
023.990,-0.005	
024.000,0.005	
024.010,0.000	
024.020,0.005	
024.030,0.005	
024.040,0.000	
024.050,-0.025	
024.060,-0.025	
024.070,-0.010	
024.080,-0.030	
024.090,-0.055	
024.100,-0.020	
024.110,-0.055	
024.120,-0.070	
024.130,-0.070	
024.140,-0.060	
024.150,-0.070	
024.160,-0.070	
024.170,-0.075	
024.180,-0.070	
024.190,-0.070	
024.200,-0.060	
024.210,-0.125	
024.220,-0.090	
024.230,-0.035	
024.240,0.000	
024.250,0.030	
024.260,0.070	
024.270,0.175	
024.280,0.200	
024.290,0.090	
024.300,0.040	
024.310,-0.020	
024.320,-0.045	
024.330,-0.165	
024.340,-0.190	
024.350,-0.195	
024.360,-0.165	
024.370,-0.200	
024.380,-0.170	
024.390,0.235	
024.400,1.135	
024.410,1.675	
024.420,0.160	
024.430,-0.710	
024.440,-0.745	
024.450,-0.450	
024.460,-0.225	
024.470,-0.185	
024.480,-0.165	
024.490,-0.145	
024.500,-0.115	
024.510,-0.115	
024.520,-0.095	
024.530,-0.145	
024.540,-0.085	
024.550,-0.060	
024.560,-0.025	
024.570,-0.040	
024.580,0.000	
024.590,0.035	
024.600,0.080	
024.610,0.080	
024.620,0.130	
024.630,0.175	
024.640,0.200	
024.650,0.190	
024.660,0.235	
024.670,0.235	
024.680,0.260	
024.690,0.215	
024.700,0.185	
024.710,0.165	
024.720,0.135	
024.730,0.055	
024.740,0.020	
024.750,0.015	
024.760,-0.020	
024.770,-0.025	
024.780,-0.030	
024.790,-0.020	
024.800,-0.035	
024.810,-0.030	
024.820,-0.050	
024.830,-0.040	
024.840,-0.005	
024.850,-0.030	
024.860,-0.050	
024.870,-0.025	
024.880,-0.055	
024.890,-0.035	
024.900,-0.025	
024.910,-0.065	
024.920,-0.050	
024.930,-0.075	
024.940,-0.065	
024.950,-0.085	
024.960,-0.090	
024.970,-0.070	
024.980,-0.085	
024.990,-0.100	
025.000,-0.110	
025.010,-0.080	
025.020,-0.105	
025.030,-0.070	
025.040,-0.020	
025.050,0.030	
025.060,0.030	
025.070,0.075	
025.080,0.175	
025.090,0.150	
025.100,0.035	
025.110,-0.005	
025.120,-0.030	
025.130,-0.140	
025.140,-0.190	
025.150,-0.190	
025.160,-0.210	
025.170,-0.235	
025.180,-0.280	
025.190,0.010	
025.200,0.700	
025.210,1.440	
025.220,1.025	
025.230,-0.260	
025.240,-0.795	
025.250,-0.645	
025.260,-0.330	
025.270,-0.160	
025.280,-0.165	
025.290,-0.155	
025.300,-0.145	
025.310,-0.120	
025.320,-0.115	
025.330,-0.130	
025.340,-0.085	
025.350,-0.065	
025.360,-0.035	
025.370,-0.030	
025.380,0.010	
025.390,0.025	
025.400,0.070	
025.410,0.075	
025.420,0.130	
025.430,0.170	
025.440,0.195	
025.450,0.225	
025.460,0.220	
025.470,0.260	
025.480,0.255	
025.490,0.255	
025.500,0.225	
025.510,0.170	
025.520,0.135	
025.530,0.080	
025.540,0.040	
025.550,-0.005	
025.560,-0.045	
025.570,-0.050	
025.580,-0.065	
025.590,-0.050	
025.600,-0.065	
025.610,-0.060	
025.620,-0.055	
025.630,-0.055	
025.640,-0.065	
025.650,-0.065	
025.660,-0.050	
025.670,-0.055	
025.680,-0.085	
025.690,-0.085	
025.700,-0.090	
025.710,-0.100	
025.720,-0.100	
025.730,-0.100	
025.740,-0.100	
025.750,-0.130	
025.760,-0.155	
025.770,-0.105	
025.780,-0.150	
025.790,-0.125	
025.800,-0.140	
025.810,-0.125	
025.820,-0.150	
025.830,-0.115	
025.840,-0.115	
025.850,-0.075	
025.860,0.000	
025.870,-0.020	
025.880,0.060	
025.890,0.145	
025.900,0.095	
025.910,0.000	
025.920,-0.045	
025.930,-0.075	
025.940,-0.220	
025.950,-0.250	
025.960,-0.235	
025.970,-0.225	
025.980,-0.225	
025.990,-0.280	
026.000,0.060	
026.010,0.905	
026.020,1.605	
026.030,0.620	
026.040,-0.505	
026.050,-0.800	
026.060,-0.535	
026.070,-0.270	
026.080,-0.205	
026.090,-0.195	
026.100,-0.190	
026.110,-0.165	
026.120,-0.165	
026.130,-0.145	
026.140,-0.130	
026.150,-0.095	
026.160,-0.105	
026.170,-0.050	
026.180,-0.050	
026.190,-0.005	
026.200,0.000	
026.210,0.030	
026.220,0.060	
026.230,0.110	
026.240,0.125	
026.250,0.185	
026.260,0.195	
026.270,0.225	
026.280,0.235	
026.290,0.225	
026.300,0.245	
026.310,0.215	
026.320,0.175	
026.330,0.120	
026.340,0.070	
026.350,0.020	
026.360,0.020	
026.370,-0.010	
026.380,-0.030	
026.390,-0.035	
026.400,-0.070	
026.410,-0.045	
026.420,-0.050	
026.430,-0.030	
026.440,-0.030	
026.450,-0.045	
026.460,-0.045	
026.470,-0.055	
026.480,-0.030	
026.490,-0.055	
026.500,-0.070	
026.510,-0.095	
026.520,-0.080	
026.530,-0.100	
026.540,-0.090	
026.550,-0.070	
026.560,-0.100	
026.570,-0.135	
026.580,-0.090	
026.590,-0.070	
026.600,-0.080	
026.610,-0.105	
026.620,-0.090	
026.630,-0.100	
026.640,-0.085	
026.650,-0.100	
026.660,-0.085	
026.670,-0.090	
026.680,-0.065	
026.690,-0.065	
026.700,-0.030	
026.710,0.050	
026.720,0.040	
026.730,0.130	
026.740,0.170	
026.750,0.110	
026.760,0.035	
026.770,-0.035	
026.780,-0.045	
026.790,-0.165	
026.800,-0.185	
026.810,-0.220	
026.820,-0.195	
026.830,-0.210	
026.840,-0.230	
026.850,0.155	
026.860,1.080	
026.870,1.725	
026.880,0.370	
026.890,-0.590	
026.900,-0.710	
026.910,-0.450	
026.920,-0.180	
026.930,-0.170	
026.940,-0.160	
026.950,-0.165	
026.960,-0.115	
026.970,-0.130	
026.980,-0.115	
026.990,-0.110	
027.000,-0.080	
027.010,-0.080	
027.020,-0.045	
027.030,-0.030	
027.040,0.000	
027.050,0.025	
027.060,0.060	
027.070,0.075	
027.080,0.130	
027.090,0.165	
027.100,0.205	
027.110,0.220	
027.120,0.250	
027.130,0.250	
027.140,0.275	
027.150,0.265	
027.160,0.245	
027.170,0.190	
027.180,0.150	
027.190,0.095	
027.200,0.045	
027.210,0.020	
027.220,0.010	
027.230,-0.020	
027.240,-0.005	
027.250,-0.015	
027.260,-0.010	
027.270,0.000	
027.280,0.005	
027.290,-0.010	
027.300,0.000	
027.310,0.000	
027.320,-0.025	
027.330,-0.030	
027.340,-0.020	
027.350,-0.010	
027.360,-0.065	
027.370,-0.065	
027.380,-0.060	
027.390,-0.055	
027.400,-0.055	
027.410,-0.075	
027.420,-0.075	
027.430,-0.080	
027.440,-0.090	
027.450,-0.090	
027.460,-0.075	
027.470,-0.090	
027.480,-0.090	
027.490,-0.085	
027.500,-0.100	
027.510,-0.085	
027.520,-0.090	
027.530,-0.100	
027.540,-0.075	
027.550,-0.105	
027.560,-0.115	
027.570,-0.085	
027.580,-0.015	
027.590,0.025	
027.600,0.005	
027.610,0.070	
027.620,0.155	
027.630,0.125	
027.640,0.025	
027.650,-0.035	
027.660,-0.030	
027.670,-0.115	
027.680,-0.170	
027.690,-0.190	
027.700,-0.175	
027.710,-0.185	
027.720,-0.235	
027.730,0.035	
027.740,0.770	
027.750,1.490	
027.760,0.955	
027.770,-0.340	
027.780,-0.740	
027.790,-0.480	
027.800,-0.220	
027.810,-0.125	
027.820,-0.155	
027.830,-0.165	
027.840,-0.155	
027.850,-0.140	
027.860,-0.115	
027.870,-0.115	
027.880,-0.085	
027.890,-0.065	
027.900,-0.070	
027.910,-0.025	
027.920,0.000	
027.930,0.010	
027.940,0.065	
027.950,0.075	
027.960,0.110	
027.970,0.150	
027.980,0.200	
027.990,0.230	
028.000,0.220	
028.010,0.250	
028.020,0.265	
028.030,0.265	
028.040,0.235	
028.050,0.220	
028.060,0.170	
028.070,0.140	
028.080,0.070	
028.090,0.030	
028.100,0.035	
028.110,0.015	
028.120,-0.005	
028.130,-0.015	
028.140,-0.005	
028.150,-0.010	
028.160,-0.005	
028.170,0.000	
028.180,-0.015	
028.190,-0.010	
028.200,-0.010	
028.210,-0.005	
028.220,-0.015	
028.230,-0.040	
028.240,-0.035	
028.250,-0.050	
028.260,-0.065	
028.270,-0.055	
028.280,-0.080	
028.290,-0.050	
028.300,-0.075	
028.310,-0.085	
028.320,-0.070	
028.330,-0.075	
028.340,-0.085	
028.350,-0.050	
028.360,-0.075	
028.370,-0.080	
028.380,-0.090	
028.390,-0.090	
028.400,-0.075	
028.410,-0.100	
028.420,-0.055	
028.430,0.000	
028.440,0.065	
028.450,0.060	
028.460,0.135	
028.470,0.200	
028.480,0.140	
028.490,0.060	
028.500,-0.020	
028.510,-0.040	
028.520,-0.150	
028.530,-0.190	
028.540,-0.210	
028.550,-0.180	
028.560,-0.200	
028.570,-0.210	
028.580,0.080	
028.590,0.840	
028.600,1.445	
028.610,0.550	
028.620,-0.395	
028.630,-0.740	
028.640,-0.535	
028.650,-0.265	
028.660,-0.175	
028.670,-0.120	
028.680,-0.150	
028.690,-0.150	
028.700,-0.125	
028.710,-0.110	
028.720,-0.110	
028.730,-0.070	
028.740,-0.050	
028.750,-0.055	
028.760,-0.045	
028.770,0.000	
028.780,0.025	
028.790,0.035	
028.800,0.075	
028.810,0.115	
028.820,0.130	
028.830,0.190	
028.840,0.180	
028.850,0.205	
028.860,0.210	
028.870,0.215	
028.880,0.220	
028.890,0.205	
028.900,0.170	
028.910,0.135	
028.920,0.100	
028.930,0.065	
028.940,0.000	
028.950,-0.010	
028.960,-0.015	
028.970,-0.035	
028.980,-0.040	
028.990,-0.015	
029.000,-0.020	
029.010,-0.025	
029.020,-0.040	
029.030,-0.035	
029.040,-0.035	
029.050,-0.040	
029.060,-0.065	
029.070,-0.065	
029.080,-0.050	
029.090,-0.090	
029.100,-0.075	
029.110,-0.095	
029.120,-0.095	
029.130,-0.085	
029.140,-0.095	
029.150,-0.085	
029.160,-0.095	
029.170,-0.080	
029.180,-0.125	
029.190,-0.085	
029.200,-0.090	
029.210,-0.110	
029.220,-0.125	
029.230,-0.105	
029.240,-0.080	
029.250,-0.035	
029.260,0.040	
029.270,0.020	
029.280,0.105	
029.290,0.180	
029.300,0.125	
029.310,0.050	
029.320,-0.025	
029.330,-0.025	
029.340,-0.160	
029.350,-0.205	
029.360,-0.240	
029.370,-0.205	
029.380,-0.225	
029.390,-0.225	
029.400,0.115	
029.410,0.895	
029.420,1.500	
029.430,0.525	
029.440,-0.430	
029.450,-0.775	
029.460,-0.575	
029.470,-0.275	
029.480,-0.180	
029.490,-0.155	
029.500,-0.155	
029.510,-0.145	
029.520,-0.125	
029.530,-0.120	
029.540,-0.085	
029.550,-0.055	
029.560,-0.075	
029.570,-0.045	
029.580,-0.020	
029.590,0.005	
029.600,0.030	
029.610,0.080	
029.620,0.085	
029.630,0.115	
029.640,0.165	
029.650,0.185	
029.660,0.210	
029.670,0.230	
029.680,0.225	
029.690,0.235	
029.700,0.245	
029.710,0.245	
029.720,0.175	
029.730,0.130	
029.740,0.090	
029.750,0.045	
029.760,0.020	
029.770,0.000	
029.780,-0.025	
029.790,-0.015	
029.800,-0.015	
029.810,-0.015	
029.820,-0.040	
029.830,-0.035	
029.840,-0.030	
029.850,-0.045	
029.860,-0.055	
029.870,-0.055	
029.880,-0.060	
029.890,-0.045	
029.900,-0.050	
029.910,-0.080	
029.920,-0.085	
029.930,-0.080	
029.940,-0.090	
029.950,-0.090	
029.960,-0.090	
029.970,-0.085	
029.980,-0.095	
029.990,-0.095	
030.000,-0.080	
030.010,-0.095	
030.020,-0.025	
030.030,0.015	
030.040,0.015	
030.050,0.070	
030.060,0.190	
030.070,0.130	
030.080,0.040	
030.090,0.000	
030.100,-0.045	
030.110,-0.135	
030.120,-0.200	
030.130,-0.210	
030.140,-0.185	
030.150,-0.200	
030.160,-0.245	
030.170,-0.015	
030.180,0.565	
030.190,1.345	
030.200,1.240	
030.210,-0.195	
030.220,-0.860	
030.230,-0.575	
030.240,-0.350	
030.250,-0.165	
030.260,-0.180	
030.270,-0.180	
030.280,-0.145	
030.290,-0.160	
030.300,-0.120	
030.310,-0.090	
030.320,-0.110	
030.330,-0.105	
030.340,-0.060	
030.350,-0.025	
030.360,0.005	
030.370,0.025	
030.380,0.050	
030.390,0.085	
030.400,0.105	
030.410,0.155	
030.420,0.200	
030.430,0.215	
030.440,0.235	
030.450,0.260	
030.460,0.255	
030.470,0.265	
030.480,0.215	
030.490,0.195	
030.500,0.135	
030.510,0.070	
030.520,0.040	
030.530,0.000	
030.540,-0.010	
030.550,-0.020	
030.560,-0.030	
030.570,-0.065	
030.580,-0.025	
030.590,-0.055	
030.600,-0.025	
030.610,-0.030	
030.620,-0.015	
030.630,-0.035	
030.640,-0.025	
030.650,-0.065	
030.660,-0.055	
030.670,-0.070	
030.680,-0.085	
030.690,-0.095	
030.700,-0.085	
030.710,-0.095	
030.720,-0.070	
030.730,-0.085	
030.740,-0.100	
030.750,-0.060	
030.760,0.015	
030.770,0.045	
030.780,0.075	
030.790,0.160	
030.800,0.170	
030.810,0.100	
030.820,0.055	
030.830,-0.030	
030.840,-0.075	
030.850,-0.185	
030.860,-0.175	
030.870,-0.210	
030.880,-0.190	
030.890,-0.205	
030.900,-0.185	
030.910,0.225	
030.920,1.135	
030.930,1.690	
030.940,0.110	
030.950,-0.745	
030.960,-0.700	
030.970,-0.455	
030.980,-0.180	
030.990,-0.200	
031.000,-0.190	
031.010,-0.180	
031.020,-0.145	
031.030,-0.180	
031.040,-0.140	
031.050,-0.125	
031.060,-0.090	
031.070,-0.080	
031.080,-0.065	
031.090,-0.035	
031.100,0.015	
031.110,0.010	
031.120,0.060	
031.130,0.090	
031.140,0.125	
031.150,0.175	
031.160,0.230	
031.170,0.220	
031.180,0.235	
031.190,0.240	
031.200,0.265	
031.210,0.210	
031.220,0.190	
031.230,0.135	
031.240,0.085	
031.250,0.035	
031.260,0.010	
031.270,-0.020	
031.280,-0.035	
031.290,-0.040	
031.300,-0.075	
031.310,-0.060	
031.320,-0.060	
031.330,-0.050	
031.340,-0.070	
031.350,-0.045	
031.360,-0.060	
031.370,-0.060	
031.380,-0.075	
031.390,-0.045	
031.400,-0.085	
031.410,-0.100	
031.420,-0.090	
031.430,-0.065	
031.440,-0.110	
031.450,-0.085	
031.460,-0.040	
031.470,0.015	
031.480,0.015	
031.490,0.065	
031.500,0.175	
031.510,0.160	
031.520,0.035	
031.530,-0.005	
031.540,-0.025	
031.550,-0.120	
031.560,-0.230	
031.570,-0.210	
031.580,-0.225	
031.590,-0.195	
031.600,-0.245	
031.610,-0.160	
031.620,0.300	
031.630,1.160	
031.640,1.565	
031.650,-0.090	
031.660,-0.830	
031.670,-0.635	
031.680,-0.360	
031.690,-0.150	
031.700,-0.170	
031.710,-0.155	
031.720,-0.150	
031.730,-0.130	
031.740,-0.125	
031.750,-0.100	
031.760,-0.080	
031.770,-0.015	
031.780,-0.060	
031.790,-0.050	
031.800,-0.045	
031.810,0.000	
031.820,0.035	
031.830,0.055	
031.840,0.075	
031.850,0.145	
031.860,0.155	
031.870,0.160	
031.880,0.195	
031.890,0.190	
031.900,0.200	
031.910,0.205	
031.920,0.165	
031.930,0.140	
031.940,0.105	
031.950,0.075	
031.960,0.035	
031.970,0.000	
031.980,-0.010	
031.990,-0.025	
032.000,-0.055	
032.010,-0.035	
032.020,-0.060	
032.030,-0.055	
032.040,-0.020	
032.050,-0.040	
032.060,-0.035	
032.070,-0.035	
032.080,-0.055	
032.090,-0.050	
032.100,-0.050	
032.110,-0.065	
032.120,-0.070	
032.130,-0.065	
032.140,-0.060	
032.150,-0.100	
032.160,-0.070	
032.170,-0.035	
032.180,0.030	
032.190,0.045	
032.200,0.100	
032.210,0.190	
032.220,0.145	
032.230,0.040	
032.240,0.015	
032.250,-0.040	
032.260,-0.150	
032.270,-0.220	
032.280,-0.205	
032.290,-0.220	
032.300,-0.200	
032.310,-0.235	
032.320,-0.050	
032.330,0.510	
032.340,1.210	
032.350,1.155	
032.360,-0.240	
032.370,-0.835	
032.380,-0.605	
032.390,-0.330	
032.400,-0.175	
032.410,-0.190	
032.420,-0.160	
032.430,-0.165	
032.440,-0.155	
032.450,-0.140	
032.460,-0.125	
032.470,-0.105	
032.480,-0.090	
032.490,-0.080	
032.500,-0.035	
032.510,-0.025	
032.520,0.010	
032.530,0.025	
032.540,0.045	
032.550,0.090	
032.560,0.115	
032.570,0.160	
032.580,0.190	
032.590,0.190	
032.600,0.200	
032.610,0.210	
032.620,0.225	
032.630,0.200	
032.640,0.180	
032.650,0.115	
032.660,0.065	
032.670,0.025	
032.680,0.015	
032.690,-0.035	
032.700,-0.035	
032.710,-0.040	
032.720,-0.050	
032.730,-0.050	
032.740,-0.050	
032.750,-0.025	
032.760,-0.040	
032.770,-0.040	
032.780,-0.055	
032.790,-0.060	
032.800,-0.060	
032.810,-0.075	
032.820,-0.085	
032.830,-0.090	
032.840,-0.095	
032.850,-0.085	
032.860,-0.105	
032.870,-0.095	
032.880,-0.100	
032.890,-0.105	
032.900,-0.120	
032.910,-0.090	
032.920,-0.120	
032.930,-0.090	
032.940,-0.100	
032.950,-0.030	
032.960,0.035	
032.970,0.035	
032.980,0.150	
032.990,0.160	
033.000,0.075	
033.010,0.015	
033.020,-0.025	
033.030,-0.045	
033.040,-0.205	
033.050,-0.180	
033.060,-0.200	
033.070,-0.200	
033.080,-0.220	
033.090,-0.215	
033.100,0.130	
033.110,0.940	
033.120,1.530	
033.130,0.380	
033.140,-0.515	
033.150,-0.765	
033.160,-0.525	
033.170,-0.190	
033.180,-0.180	
033.190,-0.160	
033.200,-0.140	
033.210,-0.120	
033.220,-0.125	
033.230,-0.110	
033.240,-0.105	
033.250,-0.055	
033.260,-0.060	
033.270,-0.010	
033.280,0.000	
033.290,0.015	
033.300,0.030	
033.310,0.080	
033.320,0.110	
033.330,0.095	
033.340,0.150	
033.350,0.175	
033.360,0.195	
033.370,0.210	
033.380,0.190	
033.390,0.210	
033.400,0.250	
033.410,0.220	
033.420,0.175	
033.430,0.150	
033.440,0.100	
033.450,0.080	
033.460,0.045	
033.470,0.030	
033.480,0.045	
033.490,0.015	
033.500,0.015	
033.510,0.025	
033.520,0.020	
033.530,-0.005	
033.540,0.015	
033.550,0.000	
033.560,0.000	
033.570,-0.005	
033.580,-0.010	
033.590,-0.025	
033.600,-0.025	
033.610,-0.045	
033.620,-0.050	
033.630,-0.075	
033.640,-0.055	
033.650,-0.060	
033.660,-0.070	
033.670,-0.085	
033.680,-0.075	
033.690,-0.075	
033.700,-0.090	
033.710,-0.095	
033.720,-0.105	
033.730,-0.110	
033.740,-0.075	
033.750,-0.090	
033.760,-0.090	
033.770,-0.075	
033.780,-0.005	
033.790,0.025	
033.800,0.035	
033.810,0.130	
033.820,0.180	
033.830,0.095	
033.840,0.035	
033.850,-0.025	
033.860,-0.055	
033.870,-0.185	
033.880,-0.165	
033.890,-0.185	
033.900,-0.180	
033.910,-0.205	
033.920,-0.205	
033.930,0.195	
033.940,1.065	
033.950,1.645	
033.960,0.260	
033.970,-0.630	
033.980,-0.730	
033.990,-0.460	
034.000,-0.180	
034.010,-0.175	
034.020,-0.120	
034.030,-0.150	
034.040,-0.135	
034.050,-0.150	
034.060,-0.110	
034.070,-0.100	
034.080,-0.085	
034.090,-0.070	
034.100,-0.040	
034.110,-0.015	
034.120,0.025	
034.130,0.040	
034.140,0.070	
034.150,0.080	
034.160,0.125	
034.170,0.155	
034.180,0.195	
034.190,0.195	
034.200,0.220	
034.210,0.230	
034.220,0.235	
034.230,0.235	
034.240,0.205	
034.250,0.165	
034.260,0.135	
034.270,0.095	
034.280,0.065	
034.290,0.010	
034.300,0.000	
034.310,-0.020	
034.320,-0.005	
034.330,0.000	
034.340,-0.010	
034.350,-0.010	
034.360,-0.005	
034.370,-0.015	
034.380,-0.015	
034.390,0.000	
034.400,-0.035	
034.410,-0.030	
034.420,-0.025	
034.430,-0.045	
034.440,-0.050	
034.450,-0.070	
034.460,-0.065	
034.470,-0.065	
034.480,-0.085	
034.490,-0.085	
034.500,-0.090	
034.510,-0.080	
034.520,-0.065	
034.530,-0.060	
034.540,-0.075	
034.550,-0.080	
034.560,-0.100	
034.570,-0.085	
034.580,-0.105	
034.590,-0.085	
034.600,-0.095	
034.610,-0.075	
034.620,-0.115	
034.630,-0.075	
034.640,-0.085	
034.650,-0.095	
034.660,-0.045	
034.670,0.010	
034.680,0.035	
034.690,0.050	
034.700,0.170	
034.710,0.170	
034.720,0.065	
034.730,0.015	
034.740,-0.040	
034.750,-0.085	
034.760,-0.190	
034.770,-0.160	
034.780,-0.170	
034.790,-0.185	
034.800,-0.220	
034.810,-0.095	
034.820,0.405	
034.830,1.265	
034.840,1.580	
034.850,-0.050	
034.860,-0.805	
034.870,-0.600	
034.880,-0.340	
034.890,-0.125	
034.900,-0.170	
034.910,-0.145	
034.920,-0.140	
034.930,-0.115	
034.940,-0.115	
034.950,-0.105	
034.960,-0.080	
034.970,-0.070	
034.980,-0.035	
034.990,-0.020	
035.000,-0.005	
035.010,0.020	
035.020,0.050	
035.030,0.100	
035.040,0.105	
035.050,0.160	
035.060,0.180	
035.070,0.195	
035.080,0.235	
035.090,0.215	
035.100,0.235	
035.110,0.250	
035.120,0.235	
035.130,0.240	
035.140,0.175	
035.150,0.120	
035.160,0.095	
035.170,0.055	
035.180,0.045	
035.190,0.030	
035.200,0.000	
035.210,0.000	
035.220,-0.010	
035.230,-0.015	
035.240,-0.025	
035.250,0.010	
035.260,0.010	
035.270,0.010	
035.280,0.010	
035.290,-0.005	
035.300,0.005	
035.310,-0.030	
035.320,-0.045	
035.330,-0.060	
035.340,-0.055	
035.350,-0.045	
035.360,-0.060	
035.370,-0.055	
035.380,-0.050	
035.390,-0.065	
035.400,-0.080	
035.410,-0.090	
035.420,-0.080	
035.430,-0.075	
035.440,-0.085	
035.450,-0.095	
035.460,-0.080	
035.470,-0.090	
035.480,-0.095	
035.490,-0.105	
035.500,-0.090	
035.510,-0.115	
035.520,-0.065	
035.530,-0.050	
035.540,0.010	
035.550,0.020	
035.560,0.075	
035.570,0.180	
035.580,0.135	
035.590,0.045	
035.600,0.000	
035.610,-0.040	
035.620,-0.095	
035.630,-0.220	
035.640,-0.190	
035.650,-0.220	
035.660,-0.215	
035.670,-0.240	
035.680,-0.100	
035.690,0.450	
035.700,1.315	
035.710,1.475	
035.720,-0.140	
035.730,-0.865	
035.740,-0.640	
035.750,-0.355	
035.760,-0.190	
035.770,-0.170	
035.780,-0.150	
035.790,-0.165	
035.800,-0.125	
035.810,-0.130	
035.820,-0.105	
035.830,-0.115	
035.840,-0.075	
035.850,-0.050	
035.860,-0.025	
035.870,-0.020	
035.880,0.010	
035.890,0.035	
035.900,0.085	
035.910,0.135	
035.920,0.155	
035.930,0.160	
035.940,0.200	
035.950,0.210	
035.960,0.230	
035.970,0.235	
035.980,0.230	
035.990,0.225	
036.000,0.220	
036.010,0.200	
036.020,0.115	
036.030,0.060	
036.040,0.045	
036.050,0.010	
036.060,-0.020	
036.070,-0.010	
036.080,-0.010	
036.090,-0.015	
036.100,0.000	
036.110,-0.035	
036.120,0.000	
036.130,-0.015	
036.140,-0.005	
036.150,-0.025	
036.160,-0.025	
036.170,-0.035	
036.180,-0.060	
036.190,-0.065	
036.200,-0.035	
036.210,-0.070	
036.220,-0.070	
036.230,-0.080	
036.240,-0.060	
036.250,-0.085	
036.260,-0.050	
036.270,-0.055	
036.280,-0.070	
036.290,-0.110	
036.300,-0.080	
036.310,-0.085	
036.320,-0.100	
036.330,-0.085	
036.340,-0.100	
036.350,-0.105	
036.360,-0.085	
036.370,-0.050	
036.380,-0.005	
036.390,0.030	
036.400,0.040	
036.410,0.150	
036.420,0.175	
036.430,0.090	
036.440,0.055	
036.450,-0.035	
036.460,-0.070	
036.470,-0.175	
036.480,-0.145	
036.490,-0.230	
036.500,-0.200	
036.510,-0.200	
036.520,-0.205	
036.530,0.215	
036.540,1.075	
036.550,1.565	
036.560,0.150	
036.570,-0.705	
036.580,-0.695	
036.590,-0.470	
036.600,-0.200	
036.610,-0.175	
036.620,-0.150	
036.630,-0.165	
036.640,-0.165	
036.650,-0.140	
036.660,-0.125	
036.670,-0.085	
036.680,-0.085	
036.690,-0.085	
036.700,-0.045	
036.710,-0.020	
036.720,0.000	
036.730,0.020	
036.740,0.075	
036.750,0.100	
036.760,0.135	
036.770,0.165	
036.780,0.205	
036.790,0.195	
036.800,0.230	
036.810,0.225	
036.820,0.255	
036.830,0.245	
036.840,0.225	
036.850,0.170	
036.860,0.130	
036.870,0.075	
036.880,0.050	
036.890,0.005	
036.900,0.000	
036.910,-0.015	
036.920,-0.015	
036.930,-0.015	
036.940,-0.025	
036.950,-0.030	
036.960,-0.005	
036.970,0.000	
036.980,-0.020	
036.990,-0.035	
037.000,-0.035	
037.010,-0.025	
037.020,-0.050	
037.030,-0.055	
037.040,-0.055	
037.050,-0.100	
037.060,-0.090	
037.070,-0.055	
037.080,-0.110	
037.090,-0.080	
037.100,-0.085	
037.110,-0.090	
037.120,-0.090	
037.130,-0.075	
037.140,-0.110	
037.150,-0.080	
037.160,-0.125	
037.170,-0.090	
037.180,-0.100	
037.190,-0.105	
037.200,-0.060	
037.210,-0.005	
037.220,0.020	
037.230,0.025	
037.240,0.155	
037.250,0.175	
037.260,0.075	
037.270,0.010	
037.280,-0.020	
037.290,-0.090	
037.300,-0.190	
037.310,-0.190	
037.320,-0.205	
037.330,-0.180	
037.340,-0.195	
037.350,-0.170	
037.360,0.295	
037.370,1.180	
037.380,1.520	
037.390,0.010	
037.400,-0.745	
037.410,-0.725	
037.420,-0.450	
037.430,-0.205	
037.440,-0.160	
037.450,-0.115	
037.460,-0.175	
037.470,-0.125	
037.480,-0.125	
037.490,-0.090	
037.500,-0.090	
037.510,-0.065	
037.520,-0.065	
037.530,0.000	
037.540,0.000	
037.550,0.005	
037.560,0.015	
037.570,0.080	
037.580,0.110	
037.590,0.160	
037.600,0.145	
037.610,0.190	
037.620,0.190	
037.630,0.210	
037.640,0.220	
037.650,0.240	
037.660,0.215	
037.670,0.180	
037.680,0.180	
037.690,0.110	
037.700,0.075	
037.710,0.045	
037.720,0.010	
037.730,0.005	
037.740,0.000	
037.750,-0.005	
037.760,-0.005	
037.770,0.010	
037.780,0.010	
037.790,-0.015	
037.800,-0.015	
037.810,-0.010	
037.820,-0.005	
037.830,-0.025	
037.840,-0.025	
037.850,-0.045	
037.860,-0.030	
037.870,-0.065	
037.880,-0.065	
037.890,-0.060	
037.900,-0.050	
037.910,-0.060	
037.920,-0.060	
037.930,-0.070	
037.940,-0.060	
037.950,-0.050	
037.960,-0.085	
037.970,-0.085	
037.980,-0.070	
037.990,-0.080	
038.000,-0.085	
038.010,-0.100	
038.020,-0.075	
038.030,-0.045	
038.040,0.025	
038.050,0.040	
038.060,0.080	
038.070,0.175	
038.080,0.160	
038.090,0.060	
038.100,0.010	
038.110,-0.005	
038.120,-0.095	
038.130,-0.220	
038.140,-0.170	
038.150,-0.175	
038.160,-0.195	
038.170,-0.235	
038.180,-0.095	
038.190,0.470	
038.200,1.315	
038.210,1.425	
038.220,-0.115	
038.230,-0.805	
038.240,-0.625	
038.250,-0.350	
038.260,-0.160	
038.270,-0.165	
038.280,-0.140	
038.290,-0.150	
038.300,-0.135	
038.310,-0.135	
038.320,-0.095	
038.330,-0.080	
038.340,-0.075	
038.350,-0.055	
038.360,-0.010	
038.370,0.005	
038.380,0.015	
038.390,0.060	
038.400,0.090	
038.410,0.120	
038.420,0.150	
038.430,0.165	
038.440,0.205	
038.450,0.240	
038.460,0.230	
038.470,0.240	
038.480,0.260	
038.490,0.230	
038.500,0.205	
038.510,0.145	
038.520,0.095	
038.530,0.075	
038.540,0.035	
038.550,0.005	
038.560,0.015	
038.570,-0.010	
038.580,-0.030	
038.590,-0.025	
038.600,-0.005	
038.610,-0.005	
038.620,-0.015	
038.630,-0.005	
038.640,-0.010	
038.650,-0.030	
038.660,-0.025	
038.670,-0.025	
038.680,-0.045	
038.690,-0.035	
038.700,-0.085	
038.710,-0.065	
038.720,-0.070	
038.730,-0.070	
038.740,-0.055	
038.750,-0.090	
038.760,-0.090	
038.770,-0.085	
038.780,-0.070	
038.790,-0.080	
038.800,-0.085	
038.810,-0.080	
038.820,-0.090	
038.830,-0.060	
038.840,-0.060	
038.850,-0.090	
038.860,-0.065	
038.870,0.000	
038.880,0.050	
038.890,0.040	
038.900,0.125	
038.910,0.215	
038.920,0.155	
038.930,0.055	
038.940,-0.010	
038.950,-0.030	
038.960,-0.160	
038.970,-0.190	
038.980,-0.180	
038.990,-0.175	
039.000,-0.200	
039.010,-0.235	
039.020,0.095	
039.030,0.935	
039.040,1.590	
039.050,0.540	
039.060,-0.505	
039.070,-0.730	
039.080,-0.475	
039.090,-0.195	
039.100,-0.155	
039.110,-0.170	
039.120,-0.180	
039.130,-0.135	
039.140,-0.140	
039.150,-0.100	
039.160,-0.090	
039.170,-0.085	
039.180,-0.050	
039.190,-0.050	
039.200,-0.010	
039.210,0.010	
039.220,0.060	
039.230,0.040	
039.240,0.095	
039.250,0.155	
039.260,0.185	
039.270,0.205	
039.280,0.210	
039.290,0.265	
039.300,0.250	
039.310,0.265	
039.320,0.260	
039.330,0.240	
039.340,0.200	
039.350,0.155	
039.360,0.090	
039.370,0.070	
039.380,0.045	
039.390,-0.020	
039.400,-0.020	
039.410,0.000	
039.420,-0.010	
039.430,0.000	
039.440,-0.050	
039.450,0.005	
039.460,-0.030	
039.470,-0.030	
039.480,-0.015	
039.490,-0.020	
039.500,-0.020	
039.510,-0.055	
039.520,-0.075	
039.530,-0.050	
039.540,-0.040	
039.550,-0.075	
039.560,-0.080	
039.570,-0.085	
039.580,-0.060	
039.590,-0.105	
039.600,-0.120	
039.610,-0.085	
039.620,-0.075	
039.630,-0.110	
039.640,-0.095	
039.650,-0.095	
039.660,-0.075	
039.670,-0.065	
039.680,0.020	
039.690,0.050	
039.700,0.065	
039.710,0.190	
039.720,0.135	
039.730,0.060	
039.740,0.000	
039.750,-0.060	
039.760,-0.160	
039.770,-0.185	
039.780,-0.240	
039.790,-0.205	
039.800,-0.195	
039.810,-0.235	
039.820,0.075	
039.830,0.880	
039.840,1.415	
039.850,0.570	
039.860,-0.405	
039.870,-0.815	
039.880,-0.625	
039.890,-0.340	
039.900,-0.190	
039.910,-0.145	
039.920,-0.175	
039.930,-0.145	
039.940,-0.145	
039.950,-0.115	
039.960,-0.105	
039.970,-0.095	
039.980,-0.070	
039.990,-0.035	
040.000,-0.030	
040.010,0.020	
040.020,0.020	
040.030,0.060	
040.040,0.115	
040.050,0.140	
040.060,0.145	
040.070,0.195	
040.080,0.210	
040.090,0.220	
040.100,0.215	
040.110,0.235	
040.120,0.215	
040.130,0.215	
040.140,0.170	
040.150,0.125	
040.160,0.075	
040.170,0.030	
040.180,-0.015	
040.190,-0.005	
040.200,0.010	
040.210,-0.030	
040.220,-0.040	
040.230,-0.030	
040.240,-0.030	
040.250,-0.020	
040.260,-0.020	
040.270,-0.025	
040.280,-0.035	
040.290,-0.050	
040.300,-0.055	
040.310,-0.065	
040.320,-0.045	
040.330,-0.080	
040.340,-0.055	
040.350,-0.070	
040.360,-0.080	
040.370,-0.100	
040.380,-0.065	
040.390,-0.095	
040.400,-0.090	
040.410,-0.075	
040.420,-0.080	
040.430,-0.100	
040.440,-0.080	
040.450,-0.055	
040.460,0.000	
040.470,0.040	
040.480,0.055	
040.490,0.140	
040.500,0.170	
040.510,0.095	
040.520,0.045	
040.530,-0.010	
040.540,-0.050	
040.550,-0.185	
040.560,-0.185	
040.570,-0.215	
040.580,-0.170	
040.590,-0.210	
040.600,-0.205	
040.610,0.225	
040.620,1.225	
040.630,1.735	
040.640,0.130	
040.650,-0.715	
040.660,-0.730	
040.670,-0.435	
040.680,-0.170	
040.690,-0.180	
040.700,-0.135	
040.710,-0.130	
040.720,-0.130	
040.730,-0.130	
040.740,-0.100	
040.750,-0.110	
040.760,-0.070	
040.770,-0.060	
040.780,-0.010	
040.790,-0.005	
040.800,0.010	
040.810,0.050	
040.820,0.100	
040.830,0.105	
040.840,0.145	
040.850,0.185	
040.860,0.225	
040.870,0.235	
040.880,0.265	
040.890,0.250	
040.900,0.255	
040.910,0.245	
040.920,0.230	
040.930,0.165	
040.940,0.095	
040.950,0.060	
040.960,0.020	
040.970,0.000	
040.980,-0.015	
040.990,-0.040	
041.000,-0.045	
041.010,-0.020	
041.020,-0.020	
041.030,-0.035	
041.040,-0.025	
041.050,0.000	
041.060,-0.035	
041.070,-0.020	
041.080,-0.015	
041.090,-0.055	
041.100,-0.045	
041.110,-0.045	
041.120,-0.055	
041.130,-0.045	
041.140,-0.105	
041.150,-0.075	
041.160,-0.070	
041.170,-0.090	
041.180,-0.110	
041.190,-0.095	
041.200,-0.085	
041.210,-0.090	
041.220,-0.090	
041.230,-0.125	
041.240,-0.035	
041.250,0.035	
041.260,0.020	
041.270,0.055	
041.280,0.180	
041.290,0.150	
041.300,0.005	
041.310,-0.025	
041.320,-0.040	
041.330,-0.150	
041.340,-0.210	
041.350,-0.215	
041.360,-0.185	
041.370,-0.215	
041.380,-0.260	
041.390,0.005	
041.400,0.750	
041.410,1.470	
041.420,1.030	
041.430,-0.305	
041.440,-0.830	
041.450,-0.560	
041.460,-0.275	
041.470,-0.170	
041.480,-0.155	
041.490,-0.150	
041.500,-0.160	
041.510,-0.135	
041.520,-0.105	
041.530,-0.085	
041.540,-0.050	
041.550,-0.065	
041.560,-0.055	
041.570,-0.040	
041.580,0.025	
041.590,0.025	
041.600,0.055	
041.610,0.125	
041.620,0.130	
041.630,0.170	
041.640,0.230	
041.650,0.225	
041.660,0.215	
041.670,0.245	
041.680,0.275	
041.690,0.270	
041.700,0.230	
041.710,0.200	
041.720,0.145	
041.730,0.120	
041.740,0.075	
041.750,0.030	
041.760,-0.025	
041.770,-0.015	
041.780,0.000	
041.790,0.000	
041.800,-0.020	
041.810,-0.020	
041.820,-0.020	
041.830,-0.010	
041.840,0.000	
041.850,0.000	
041.860,-0.010	
041.870,-0.030	
041.880,-0.025	
041.890,-0.045	
041.900,-0.050	
041.910,-0.040	
041.920,-0.070	
041.930,-0.060	
041.940,-0.080	
041.950,-0.070	
041.960,-0.060	
041.970,-0.090	
041.980,-0.090	
041.990,-0.085	
042.000,-0.075	
042.010,-0.080	
042.020,-0.090	
042.030,-0.105	
042.040,-0.060	
042.050,-0.090	
042.060,-0.105	
042.070,-0.085	
042.080,-0.085	
042.090,-0.090	
042.100,-0.075	
042.110,-0.060	
042.120,0.025	
042.130,0.035	
042.140,0.025	
042.150,0.195	
042.160,0.145	
042.170,0.030	
042.180,-0.030	
042.190,-0.045	
042.200,-0.105	
042.210,-0.210	
042.220,-0.195	
042.230,-0.220	
042.240,-0.185	
042.250,-0.245	
042.260,-0.030	
042.270,0.605	
042.280,1.315	
042.290,1.190	
042.300,-0.175	
042.310,-0.840	
042.320,-0.665	
042.330,-0.355	
042.340,-0.175	
042.350,-0.175	
042.360,-0.150	
042.370,-0.125	
042.380,-0.140	
042.390,-0.135	
042.400,-0.090	
042.410,-0.075	
042.420,-0.075	
042.430,-0.040	
042.440,-0.030	
042.450,0.005	
042.460,0.020	
042.470,0.055	
042.480,0.065	
042.490,0.120	
042.500,0.145	
042.510,0.155	
042.520,0.200	
042.530,0.190	
042.540,0.200	
042.550,0.225	
042.560,0.215	
042.570,0.225	
042.580,0.205	
042.590,0.155	
042.600,0.120	
042.610,0.045	
042.620,0.020	
042.630,0.010	
042.640,0.010	
042.650,-0.010	
042.660,-0.025	
042.670,-0.020	
042.680,0.005	
042.690,-0.025	
042.700,-0.020	
042.710,-0.040	
042.720,-0.030	
042.730,-0.020	
042.740,-0.030	
042.750,-0.055	
042.760,-0.035	
042.770,-0.060	
042.780,-0.070	
042.790,-0.060	
042.800,-0.090	
042.810,-0.070	
042.820,-0.090	
042.830,-0.105	
042.840,-0.075	
042.850,-0.095	
042.860,-0.100	
042.870,-0.085	
042.880,-0.090	
042.890,-0.090	
042.900,-0.100	
042.910,-0.115	
042.920,-0.095	
042.930,-0.140	
042.940,-0.110	
042.950,-0.050	
042.960,0.010	
042.970,0.030	
042.980,0.050	
042.990,0.185	
043.000,0.150	
043.010,0.065	
043.020,-0.010	
043.030,-0.040	
043.040,-0.105	
043.050,-0.205	
043.060,-0.190	
043.070,-0.185	
043.080,-0.190	
043.090,-0.235	
043.100,-0.085	
043.110,0.460	
043.120,1.285	
043.130,1.435	
043.140,-0.090	
043.150,-0.775	
043.160,-0.650	
043.170,-0.395	
043.180,-0.160	
043.190,-0.180	
043.200,-0.145	
043.210,-0.135	
043.220,-0.105	
043.230,-0.105	
043.240,-0.090	
043.250,-0.105	
043.260,-0.060	
043.270,-0.045	
043.280,-0.015	
043.290,-0.005	
043.300,0.030	
043.310,0.055	
043.320,0.110	
043.330,0.110	
043.340,0.150	
043.350,0.170	
043.360,0.205	
043.370,0.230	
043.380,0.235	
043.390,0.245	
043.400,0.245	
043.410,0.215	
043.420,0.185	
043.430,0.170	
043.440,0.105	
043.450,0.050	
043.460,0.040	
043.470,0.015	
043.480,0.000	
043.490,-0.020	
043.500,-0.010	
043.510,-0.010	
043.520,-0.015	
043.530,0.005	
043.540,-0.020	
043.550,-0.025	
043.560,0.000	
043.570,-0.020	
043.580,-0.050	
043.590,-0.040	
043.600,-0.040	
043.610,-0.025	
043.620,-0.055	
043.630,-0.050	
043.640,-0.055	
043.650,-0.045	
043.660,-0.075	
043.670,-0.075	
043.680,-0.050	
043.690,-0.080	
043.700,-0.065	
043.710,-0.065	
043.720,-0.070	
043.730,-0.080	
043.740,-0.050	
043.750,-0.100	
043.760,-0.085	
043.770,-0.080	
043.780,-0.100	
043.790,-0.100	
043.800,-0.080	
043.810,-0.105	
043.820,-0.080	
043.830,-0.060	
043.840,0.000	
043.850,0.005	
043.860,0.055	
043.870,0.205	
043.880,0.140	
043.890,0.075	
043.900,0.025	
043.910,-0.025	
043.920,-0.060	
043.930,-0.190	
043.940,-0.185	
043.950,-0.205	
043.960,-0.185	
043.970,-0.220	
043.980,-0.110	
043.990,0.310	
044.000,1.195	
044.010,1.585	
044.020,0.055	
044.030,-0.745	
044.040,-0.710	
044.050,-0.420	
044.060,-0.200	
044.070,-0.145	
044.080,-0.145	
044.090,-0.170	
044.100,-0.115	
044.110,-0.140	
044.120,-0.115	
044.130,-0.110	
044.140,-0.080	
044.150,-0.065	
044.160,-0.030	
044.170,-0.025	
044.180,0.005	
044.190,0.020	
044.200,0.075	
044.210,0.075	
044.220,0.115	
044.230,0.175	
044.240,0.205	
044.250,0.195	
044.260,0.230	
044.270,0.200	
044.280,0.225	
044.290,0.210	
044.300,0.210	
044.310,0.155	
044.320,0.105	
044.330,0.070	
044.340,0.025	
044.350,0.000	
044.360,-0.005	
044.370,-0.035	
044.380,-0.045	
044.390,-0.035	
044.400,-0.030	
044.410,-0.025	
044.420,-0.015	
044.430,-0.020	
044.440,-0.025	
044.450,0.000	
044.460,-0.045	
044.470,-0.055	
044.480,-0.055	
044.490,-0.045	
044.500,-0.060	
044.510,-0.050	
044.520,-0.055	
044.530,-0.085	
044.540,-0.050	
044.550,-0.110	
044.560,-0.095	
044.570,-0.090	
044.580,-0.095	
044.590,-0.085	
044.600,-0.100	
044.610,-0.085	
044.620,-0.085	
044.630,-0.080	
044.640,-0.025	
044.650,0.050	
044.660,0.045	
044.670,0.085	
044.680,0.180	
044.690,0.140	
044.700,0.060	
044.710,-0.020	
044.720,-0.040	
044.730,-0.140	
044.740,-0.185	
044.750,-0.200	
044.760,-0.215	
044.770,-0.190	
044.780,-0.260	
044.790,0.060	
044.800,0.860	
044.810,1.490	
044.820,0.795	
044.830,-0.355	
044.840,-0.775	
044.850,-0.525	
044.860,-0.260	
044.870,-0.155	
044.880,-0.120	
044.890,-0.160	
044.900,-0.135	
044.910,-0.125	
044.920,-0.110	
044.930,-0.110	
044.940,-0.095	
044.950,-0.045	
044.960,-0.015	
044.970,-0.005	
044.980,0.025	
044.990,0.050	
045.000,0.060	
045.010,0.115	
045.020,0.160	
045.030,0.175	
045.040,0.220	
045.050,0.265	
045.060,0.225	
045.070,0.265	
045.080,0.275	
045.090,0.290	
045.100,0.250	
045.110,0.170	
045.120,0.155	
045.130,0.090	
045.140,0.045	
045.150,0.015	
045.160,-0.005	
045.170,-0.020	
045.180,-0.020	
045.190,-0.045	
045.200,-0.035	
045.210,-0.025	
045.220,-0.025	
045.230,-0.030	
045.240,-0.045	
045.250,-0.020	
045.260,-0.040	
045.270,-0.015	
045.280,-0.055	
045.290,-0.080	
045.300,-0.075	
045.310,-0.075	
045.320,-0.080	
045.330,-0.065	
045.340,-0.085	
045.350,-0.060	
045.360,-0.105	
045.370,-0.115	
045.380,-0.080	
045.390,-0.090	
045.400,-0.125	
045.410,-0.095	
045.420,-0.070	
045.430,-0.025	
045.440,0.035	
045.450,0.010	
045.460,0.120	
045.470,0.185	
045.480,0.125	
045.490,0.055	
045.500,-0.010	
045.510,-0.045	
045.520,-0.145	
045.530,-0.190	
045.540,-0.190	
045.550,-0.220	
045.560,-0.195	
045.570,-0.230	
045.580,0.035	
045.590,0.795	
045.600,1.405	
045.610,0.840	
045.620,-0.320	
045.630,-0.785	
045.640,-0.580	
045.650,-0.280	
045.660,-0.160	
045.670,-0.155	
045.680,-0.185	
045.690,-0.145	
045.700,-0.100	
045.710,-0.125	
045.720,-0.115	
045.730,-0.080	
045.740,-0.055	
045.750,-0.040	
045.760,-0.020	
045.770,0.005	
045.780,0.045	
045.790,0.065	
045.800,0.095	
045.810,0.135	
045.820,0.175	
045.830,0.225	
045.840,0.240	
045.850,0.240	
045.860,0.260	
045.870,0.280	
045.880,0.255	
045.890,0.220	
045.900,0.195	
045.910,0.155	
045.920,0.080	
045.930,0.040	
045.940,0.020	
045.950,0.005	
045.960,0.030	
045.970,-0.035	
045.980,-0.035	
045.990,0.005	
046.000,-0.015	
046.010,-0.005	
046.020,-0.015	
046.030,-0.035	
046.040,-0.010	
046.050,-0.005	
046.060,-0.020	
046.070,-0.020	
046.080,-0.025	
046.090,-0.060	
046.100,-0.050	
046.110,-0.050	
046.120,-0.065	
046.130,-0.060	
046.140,-0.045	
046.150,-0.075	
046.160,-0.060	
046.170,-0.065	
046.180,-0.075	
046.190,-0.065	
046.200,-0.075	
046.210,-0.105	
046.220,-0.085	
046.230,-0.065	
046.240,-0.075	
046.250,-0.100	
046.260,-0.105	
046.270,-0.105	
046.280,-0.065	
046.290,-0.040	
046.300,-0.005	
046.310,0.035	
046.320,0.070	
046.330,0.150	
046.340,0.175	
046.350,0.070	
046.360,0.010	
046.370,-0.025	
046.380,-0.060	
046.390,-0.175	
046.400,-0.160	
046.410,-0.210	
046.420,-0.195	
046.430,-0.205	
046.440,-0.175	
046.450,0.195	
046.460,1.100	
046.470,1.620	
046.480,0.195	
046.490,-0.655	
046.500,-0.715	
046.510,-0.475	
046.520,-0.185	
046.530,-0.165	
046.540,-0.140	
046.550,-0.140	
046.560,-0.155	
046.570,-0.135	
046.580,-0.100	
046.590,-0.095	
046.600,-0.080	
046.610,-0.075	
046.620,-0.040	
046.630,-0.025	
046.640,0.020	
046.650,0.040	
046.660,0.080	
046.670,0.085	
046.680,0.125	
046.690,0.185	
046.700,0.200	
046.710,0.225	
046.720,0.230	
046.730,0.255	
046.740,0.265	
046.750,0.280	
046.760,0.240	
046.770,0.170	
046.780,0.155	
046.790,0.110	
046.800,0.070	
046.810,0.030	
046.820,0.000	
046.830,0.000	
046.840,0.000	
046.850,0.000	
046.860,-0.005	
046.870,0.000	
046.880,0.035	
046.890,0.000	
046.900,-0.005	
046.910,-0.020	
046.920,0.000	
046.930,-0.015	
046.940,-0.025	
046.950,-0.020	
046.960,-0.055	
046.970,-0.035	
046.980,-0.040	
046.990,-0.050	
047.000,-0.050	
047.010,-0.055	
047.020,-0.060	
047.030,-0.060	
047.040,-0.060	
047.050,-0.055	
047.060,-0.070	
047.070,-0.065	
047.080,-0.090	
047.090,-0.080	
047.100,-0.080	
047.110,-0.085	
047.120,-0.080	
047.130,-0.100	
047.140,-0.080	
047.150,-0.095	
047.160,-0.110	
047.170,-0.085	
047.180,-0.110	
047.190,-0.085	
047.200,-0.095	
047.210,-0.080	
047.220,-0.045	
047.230,0.000	
047.240,0.020	
047.250,0.065	
047.260,0.185	
047.270,0.145	
047.280,0.045	
047.290,-0.020	
047.300,-0.030	
047.310,-0.125	
047.320,-0.175	
047.330,-0.175	
047.340,-0.165	
047.350,-0.185	
047.360,-0.230	
047.370,0.035	
047.380,0.765	
047.390,1.395	
047.400,0.850	
047.410,-0.245	
047.420,-0.770	
047.430,-0.615	
047.440,-0.320	
047.450,-0.170	
047.460,-0.180	
047.470,-0.160	
047.480,-0.130	
047.490,-0.135	
047.500,-0.130	
047.510,-0.095	
047.520,-0.080	
047.530,-0.065	
047.540,-0.050	
047.550,-0.030	
047.560,0.005	
047.570,0.030	
047.580,0.040	
047.590,0.085	
047.600,0.120	
047.610,0.170	
047.620,0.190	
047.630,0.190	
047.640,0.205	
047.650,0.240	
047.660,0.250	
047.670,0.230	
047.680,0.205	
047.690,0.180	
047.700,0.150	
047.710,0.105	
047.720,0.085	
047.730,0.040	
047.740,0.015	
047.750,0.000	
047.760,0.000	
047.770,-0.015	
047.780,0.000	
047.790,0.000	
047.800,0.005	
047.810,0.000	
047.820,-0.025	
047.830,-0.005	
047.840,-0.035	
047.850,-0.020	
047.860,-0.025	
047.870,-0.055	
047.880,-0.060	
047.890,-0.045	
047.900,-0.045	
047.910,-0.090	
047.920,-0.070	
047.930,-0.065	
047.940,-0.090	
047.950,-0.090	
047.960,-0.085	
047.970,-0.100	
047.980,-0.070	
047.990,-0.100	
048.000,-0.090	
048.010,-0.090	
048.020,-0.075	
048.030,-0.100	
048.040,-0.085	
048.050,-0.100	
048.060,-0.080	
048.070,-0.075	
048.080,-0.095	
048.090,-0.085	
048.100,-0.015	
048.110,0.025	
048.120,0.045	
048.130,0.120	
048.140,0.170	
048.150,0.105	
048.160,0.040	
048.170,-0.045	
048.180,-0.035	
048.190,-0.160	
048.200,-0.195	
048.210,-0.190	
048.220,-0.180	
048.230,-0.220	
048.240,-0.250	
048.250,0.150	
048.260,1.055	
048.270,1.645	
048.280,0.380	
048.290,-0.565	
048.300,-0.750	
048.310,-0.540	
048.320,-0.230	
048.330,-0.160	
048.340,-0.135	
048.350,-0.155	
048.360,-0.145	
048.370,-0.125	
048.380,-0.100	
048.390,-0.090	
048.400,-0.075	
048.410,-0.050	
048.420,-0.025	
048.430,-0.020	
048.440,0.040	
048.450,0.020	
048.460,0.060	
048.470,0.095	
048.480,0.150	
048.490,0.170	
048.500,0.205	
048.510,0.225	
048.520,0.245	
048.530,0.235	
048.540,0.255	
048.550,0.255	
048.560,0.230	
048.570,0.170	
048.580,0.135	
048.590,0.080	
048.600,0.055	
048.610,0.030	
048.620,0.000	
048.630,-0.010	
048.640,-0.040	
048.650,-0.015	
048.660,-0.020	
048.670,-0.010	
048.680,-0.015	
048.690,-0.015	
048.700,0.005	
048.710,-0.005	
048.720,-0.020	
048.730,-0.015	
048.740,-0.040	
048.750,-0.035	
048.760,-0.055	
048.770,-0.075	
048.780,-0.060	
048.790,-0.065	
048.800,-0.090	
048.810,-0.085	
048.820,-0.085	
048.830,-0.070	
048.840,-0.095	
048.850,-0.085	
048.860,-0.085	
048.870,-0.090	
048.880,-0.080	
048.890,-0.085	
048.900,-0.080	
048.910,-0.090	
048.920,-0.075	
048.930,-0.095	
048.940,-0.080	
048.950,-0.020	
048.960,0.045	
048.970,0.045	
048.980,0.100	
048.990,0.205	
049.000,0.110	
049.010,0.020	
049.020,-0.035	
049.030,-0.055	
049.040,-0.135	
049.050,-0.190	
049.060,-0.200	
049.070,-0.215	
049.080,-0.185	
049.090,-0.260	
049.100,0.030	
049.110,0.785	
049.120,1.475	
049.130,0.965	
049.140,-0.300	
049.150,-0.785	
049.160,-0.540	
049.170,-0.285	
049.180,-0.165	
049.190,-0.170	
049.200,-0.145	
049.210,-0.145	
049.220,-0.120	
049.230,-0.140	
049.240,-0.125	
049.250,-0.085	
049.260,-0.070	
049.270,-0.045	
049.280,-0.035	
049.290,-0.015	
049.300,0.015	
049.310,0.055	
049.320,0.100	
049.330,0.145	
049.340,0.160	
049.350,0.220	
049.360,0.220	
049.370,0.230	
049.380,0.235	
049.390,0.275	
049.400,0.230	
049.410,0.230	
049.420,0.180	
049.430,0.135	
049.440,0.085	
049.450,0.035	
049.460,0.015	
049.470,-0.010	
049.480,-0.010	
049.490,-0.035	
049.500,-0.010	
049.510,-0.030	
049.520,-0.050	
049.530,-0.040	
049.540,-0.015	
049.550,-0.025	
049.560,-0.005	
049.570,-0.030	
049.580,-0.020	
049.590,-0.040	
049.600,-0.045	
049.610,-0.045	
049.620,-0.065	
049.630,-0.045	
049.640,-0.070	
049.650,-0.070	
049.660,-0.070	
049.670,-0.085	
049.680,-0.070	
049.690,-0.075	
049.700,-0.115	
049.710,-0.070	
049.720,-0.080	
049.730,-0.130	
049.740,-0.095	
049.750,-0.095	
049.760,-0.085	
049.770,-0.100	
049.780,-0.055	
049.790,0.005	
049.800,0.030	
049.810,0.080	
049.820,0.200	
049.830,0.135	
049.840,0.030	
049.850,-0.010	
049.860,-0.050	
049.870,-0.145	
049.880,-0.185	
049.890,-0.195	
049.900,-0.195	
049.910,-0.200	
049.920,-0.245	
049.930,0.010	
049.940,0.760	
049.950,1.385	
049.960,0.930	
049.970,-0.225	
049.980,-0.820	
049.990,-0.635	
050.000,-0.345	
050.010,-0.135	
050.020,-0.165	
050.030,-0.155	
050.040,-0.155	
050.050,-0.130	
050.060,-0.135	
050.070,-0.085	
050.080,-0.055	
050.090,-0.070	
050.100,-0.045	
050.110,-0.015	
050.120,0.000	
050.130,0.035	
050.140,0.075	
050.150,0.090	
050.160,0.120	
050.170,0.145	
050.180,0.200	
050.190,0.245	
050.200,0.225	
050.210,0.255	
050.220,0.280	
050.230,0.250	
050.240,0.220	
050.250,0.200	
050.260,0.135	
050.270,0.085	
050.280,0.045	
050.290,0.020	
050.300,-0.015	
050.310,-0.035	
050.320,-0.020	
050.330,-0.045	
050.340,-0.020	
050.350,-0.035	
050.360,-0.040	
050.370,-0.050	
050.380,-0.045	
050.390,-0.015	
050.400,-0.045	
050.410,-0.055	
050.420,-0.040	
050.430,-0.060	
050.440,-0.050	
050.450,-0.060	
050.460,-0.080	
050.470,-0.085	
050.480,-0.070	
050.490,-0.090	
050.500,-0.080	
050.510,-0.105	
050.520,-0.095	
050.530,-0.100	
050.540,-0.100	
050.550,-0.120	
050.560,-0.075	
050.570,-0.115	
050.580,-0.105	
050.590,-0.100	
050.600,-0.110	
050.610,-0.110	
050.620,-0.110	
050.630,-0.060	
050.640,0.005	
050.650,0.015	
050.660,0.050	
050.670,0.170	
050.680,0.145	
050.690,0.050	
050.700,-0.015	
050.710,-0.015	
050.720,-0.125	
050.730,-0.200	
050.740,-0.200	
050.750,-0.205	
050.760,-0.190	
050.770,-0.240	
050.780,-0.045	
050.790,0.570	
050.800,1.330	
050.810,1.275	
050.820,-0.115	
050.830,-0.805	
050.840,-0.680	
050.850,-0.375	
050.860,-0.170	
050.870,-0.135	
050.880,-0.160	
050.890,-0.150	
050.900,-0.140	
050.910,-0.120	
050.920,-0.085	
050.930,-0.110	
050.940,-0.050	
050.950,-0.040	
050.960,0.000	
050.970,0.000	
050.980,0.045	
050.990,0.060	
051.000,0.080	
051.010,0.135	
051.020,0.170	
051.030,0.200	
051.040,0.250	
051.050,0.270	
051.060,0.265	
051.070,0.260	
051.080,0.275	
051.090,0.265	
051.100,0.215	
051.110,0.170	
051.120,0.125	
051.130,0.075	
051.140,0.050	
051.150,0.035	
051.160,0.020	
051.170,-0.010	
051.180,-0.025	
051.190,-0.020	
051.200,0.000	
051.210,0.010	
051.220,0.005	
051.230,-0.005	
051.240,0.005	
051.250,0.010	
051.260,0.000	
051.270,-0.015	
051.280,-0.045	
051.290,-0.035	
051.300,-0.035	
051.310,-0.020	
051.320,-0.055	
051.330,-0.035	
051.340,-0.035	
051.350,-0.055	
051.360,-0.060	
051.370,-0.090	
051.380,-0.070	
051.390,-0.065	
051.400,-0.055	
051.410,-0.055	
051.420,-0.075	
051.430,-0.075	
051.440,-0.070	
051.450,-0.055	
051.460,-0.070	
051.470,-0.100	
051.480,-0.085	
051.490,-0.075	
051.500,-0.075	
051.510,-0.055	
051.520,-0.090	
051.530,-0.090	
051.540,-0.055	
051.550,-0.015	
051.560,0.055	
051.570,0.050	
051.580,0.085	
051.590,0.190	
051.600,0.160	
051.610,0.065	
051.620,-0.015	
051.630,-0.015	
051.640,-0.115	
051.650,-0.170	
051.660,-0.180	
051.670,-0.180	
051.680,-0.155	
051.690,-0.220	
051.700,0.055	
051.710,0.825	
051.720,1.530	
051.730,0.960	
051.740,-0.285	
051.750,-0.765	
051.760,-0.540	
051.770,-0.260	
051.780,-0.140	
051.790,-0.140	
051.800,-0.125	
051.810,-0.135	
051.820,-0.125	
051.830,-0.105	
051.840,-0.095	
051.850,-0.075	
051.860,-0.045	
051.870,-0.030	
051.880,-0.015	
051.890,0.005	
051.900,0.030	
051.910,0.080	
051.920,0.120	
051.930,0.135	
051.940,0.160	
051.950,0.215	
051.960,0.255	
051.970,0.245	
051.980,0.260	
051.990,0.285	
052.000,0.280	
052.010,0.240	
052.020,0.190	
052.030,0.160	
052.040,0.125	
052.050,0.085	
052.060,0.040	
052.070,0.005	
052.080,0.010	
052.090,0.000	
052.100,0.000	
052.110,0.015	
052.120,0.015	
052.130,0.020	
052.140,0.015	
052.150,0.010	
052.160,0.010	
052.170,0.010	
052.180,0.000	
052.190,0.000	
052.200,0.000	
052.210,-0.030	
052.220,-0.040	
052.230,-0.040	
052.240,-0.025	
052.250,-0.035	
052.260,-0.055	
052.270,-0.055	
052.280,-0.055	
052.290,-0.045	
052.300,-0.070	
052.310,-0.065	
052.320,-0.060	
052.330,-0.060	
052.340,-0.090	
052.350,-0.075	
052.360,-0.080	
052.370,-0.070	
052.380,-0.070	
052.390,-0.060	
052.400,-0.080	
052.410,-0.085	
052.420,-0.115	
052.430,-0.090	
052.440,-0.100	
052.450,-0.090	
052.460,-0.105	
052.470,-0.095	
052.480,-0.080	
052.490,-0.020	
052.500,0.025	
052.510,0.035	
052.520,0.155	
052.530,0.155	
052.540,0.080	
052.550,0.010	
052.560,-0.050	
052.570,-0.065	
052.580,-0.170	
052.590,-0.180	
052.600,-0.200	
052.610,-0.195	
052.620,-0.220	
052.630,-0.195	
052.640,0.210	
052.650,1.145	
052.660,1.735	
052.670,0.235	
052.680,-0.665	
052.690,-0.645	
052.700,-0.395	
052.710,-0.150	
052.720,-0.175	
052.730,-0.160	
052.740,-0.170	
052.750,-0.135	
052.760,-0.140	
052.770,-0.120	
052.780,-0.130	
052.790,-0.085	
052.800,-0.085	
052.810,-0.045	
052.820,-0.020	
052.830,0.015	
052.840,0.020	
052.850,0.065	
052.860,0.090	
052.870,0.130	
052.880,0.185	
052.890,0.215	
052.900,0.230	
052.910,0.255	
052.920,0.255	
052.930,0.265	
052.940,0.260	
052.950,0.245	
052.960,0.200	
052.970,0.160	
052.980,0.085	
052.990,0.045	
053.000,0.020	
053.010,0.025	
053.020,-0.010	
053.030,-0.025	
053.040,-0.025	
053.050,-0.015	
053.060,-0.010	
053.070,-0.010	
053.080,0.000	
053.090,-0.010	
053.100,-0.005	
053.110,0.000	
053.120,-0.010	
053.130,-0.025	
053.140,-0.035	
053.150,-0.050	
053.160,-0.035	
053.170,-0.055	
053.180,-0.065	
053.190,-0.060	
053.200,-0.070	
053.210,-0.085	
053.220,-0.075	
053.230,-0.085	
053.240,-0.085	
053.250,-0.070	
053.260,-0.070	
053.270,-0.105	
053.280,-0.070	
053.290,-0.075	
053.300,-0.095	
053.310,-0.100	
053.320,-0.085	
053.330,-0.105	
053.340,-0.090	
053.350,-0.110	
053.360,-0.100	
053.370,-0.080	
053.380,-0.015	
053.390,0.035	
053.400,0.025	
053.410,0.110	
053.420,0.180	
053.430,0.120	
053.440,0.010	
053.450,-0.050	
053.460,-0.045	
053.470,-0.175	
053.480,-0.195	
053.490,-0.215	
053.500,-0.185	
053.510,-0.200	
053.520,-0.225	
053.530,0.135	
053.540,0.950	
053.550,1.530	
053.560,0.390	
053.570,-0.520	
053.580,-0.740	
053.590,-0.525	
053.600,-0.245	
053.610,-0.175	
053.620,-0.150	
053.630,-0.155	
053.640,-0.150	
053.650,-0.150	
053.660,-0.105	
053.670,-0.105	
053.680,-0.105	
053.690,-0.090	
053.700,-0.040	
053.710,-0.030	
053.720,0.005	
053.730,-0.005	
053.740,0.065	
053.750,0.090	
053.760,0.140	
053.770,0.145	
053.780,0.175	
053.790,0.205	
053.800,0.230	
053.810,0.220	
053.820,0.245	
053.830,0.235	
053.840,0.200	
053.850,0.165	
053.860,0.130	
053.870,0.090	
053.880,0.035	
053.890,0.000	
053.900,-0.005	
053.910,-0.015	
053.920,-0.020	
053.930,-0.020	
053.940,-0.035	
053.950,-0.020	
053.960,-0.005	
053.970,-0.010	
053.980,-0.010	
053.990,-0.035	
054.000,-0.045	
054.010,-0.050	
054.020,-0.070	
054.030,-0.055	
054.040,-0.070	
054.050,-0.095	
054.060,-0.085	
054.070,-0.070	
054.080,-0.080	
054.090,-0.080	
054.100,-0.075	
054.110,-0.115	
054.120,-0.095	
054.130,-0.110	
054.140,-0.105	
054.150,-0.105	
054.160,-0.110	
054.170,-0.115	
054.180,-0.090	
054.190,-0.110	
054.200,-0.090	
054.210,-0.095	
054.220,-0.110	
054.230,-0.055	
054.240,0.030	
054.250,0.020	
054.260,0.050	
054.270,0.160	
054.280,0.140	
054.290,0.045	
054.300,0.010	
054.310,-0.035	
054.320,-0.115	
054.330,-0.195	
054.340,-0.210	
054.350,-0.190	
054.360,-0.205	
054.370,-0.255	
054.380,-0.050	
054.390,0.550	
054.400,1.275	
054.410,1.235	
054.420,-0.155	
054.430,-0.815	
054.440,-0.680	
054.450,-0.395	
054.460,-0.180	
054.470,-0.170	
054.480,-0.150	
054.490,-0.145	
054.500,-0.140	
054.510,-0.145	
054.520,-0.090	
054.530,-0.115	
054.540,-0.075	
054.550,-0.060	
054.560,-0.035	
054.570,0.000	
054.580,0.005	
054.590,0.040	
054.600,0.065	
054.610,0.110	
054.620,0.155	
054.630,0.205	
054.640,0.200	
054.650,0.225	
054.660,0.255	
054.670,0.235	
054.680,0.255	
054.690,0.230	
054.700,0.200	
054.710,0.135	
054.720,0.100	
054.730,0.050	
054.740,-0.010	
054.750,-0.015	
054.760,-0.005	
054.770,-0.035	
054.780,-0.040	
054.790,-0.040	
054.800,-0.030	
054.810,-0.035	
054.820,-0.025	
054.830,-0.030	
054.840,-0.030	
054.850,-0.050	
054.860,-0.050	
054.870,-0.050	
054.880,-0.045	
054.890,-0.055	
054.900,-0.065	
054.910,-0.050	
054.920,-0.075	
054.930,-0.080	
054.940,-0.085	
054.950,-0.095	
054.960,-0.100	
054.970,-0.095	
054.980,-0.110	
054.990,-0.080	
055.000,-0.105	
055.010,-0.085	
055.020,-0.095	
055.030,-0.090	
055.040,-0.090	
055.050,-0.030	
055.060,0.025	
055.070,0.040	
055.080,0.115	
055.090,0.180	
055.100,0.120	
055.110,0.045	
055.120,-0.030	
055.130,-0.045	
055.140,-0.150	
055.150,-0.200	
055.160,-0.200	
055.170,-0.190	
055.180,-0.215	
055.190,-0.245	
055.200,0.095	
055.210,0.940	
055.220,1.545	
055.230,0.580	
055.240,-0.445	
055.250,-0.765	
055.260,-0.520	
055.270,-0.235	
055.280,-0.155	
055.290,-0.145	
055.300,-0.150	
055.310,-0.135	
055.320,-0.125	
055.330,-0.120	
055.340,-0.090	
055.350,-0.075	
055.360,-0.065	
055.370,-0.040	
055.380,-0.010	
055.390,0.010	
055.400,0.035	
055.410,0.060	
055.420,0.100	
055.430,0.145	
055.440,0.185	
055.450,0.235	
055.460,0.255	
055.470,0.280	
055.480,0.275	
055.490,0.280	
055.500,0.270	
055.510,0.225	
055.520,0.190	
055.530,0.125	
055.540,0.080	
055.550,0.050	
055.560,0.015	
055.570,-0.005	
055.580,-0.010	
055.590,-0.015	
055.600,-0.040	
055.610,-0.055	
055.620,-0.035	
055.630,-0.005	
055.640,-0.025	
055.650,-0.040	
055.660,0.000	
055.670,-0.020	
055.680,-0.020	
055.690,-0.045	
055.700,-0.060	
055.710,-0.050	
055.720,-0.055	
055.730,-0.060	
055.740,-0.065	
055.750,-0.070	
055.760,-0.095	
055.770,-0.070	
055.780,-0.080	
055.790,-0.095	
055.800,-0.085	
055.810,-0.095	
055.820,-0.085	
055.830,-0.090	
055.840,-0.095	
055.850,-0.110	
055.860,-0.075	
055.870,-0.090	
055.880,-0.035	
055.890,0.050	
055.900,0.030	
055.910,0.095	
055.920,0.185	
055.930,0.145	
055.940,0.050	
055.950,-0.005	
055.960,-0.045	
055.970,-0.145	
055.980,-0.180	
055.990,-0.190	
056.000,-0.210	
056.010,-0.195	
056.020,-0.235	
056.030,0.050	
056.040,0.750	
056.050,1.385	
056.060,0.900	
056.070,-0.260	
056.080,-0.780	
056.090,-0.575	
056.100,-0.305	
056.110,-0.170	
056.120,-0.145	
056.130,-0.130	
056.140,-0.110	
056.150,-0.135	
056.160,-0.100	
056.170,-0.110	
056.180,-0.100	
056.190,-0.065	
056.200,-0.035	
056.210,-0.015	
056.220,0.005	
056.230,0.015	
056.240,0.055	
056.250,0.100	
056.260,0.115	
056.270,0.180	
056.280,0.210	
056.290,0.220	
056.300,0.255	
056.310,0.255	
056.320,0.275	
056.330,0.270	
056.340,0.235	
056.350,0.215	
056.360,0.155	
056.370,0.120	
056.380,0.060	
056.390,0.025	
056.400,0.000	
056.410,-0.015	
056.420,-0.015	
056.430,-0.010	
056.440,-0.015	
056.450,-0.020	
056.460,-0.010	
056.470,-0.025	
056.480,0.000	
056.490,0.000	
056.500,-0.020	
056.510,-0.025	
056.520,-0.015	
056.530,-0.045	
056.540,-0.030	
056.550,-0.065	
056.560,-0.060	
056.570,-0.060	
056.580,-0.060	
056.590,-0.075	
056.600,-0.060	
056.610,-0.095	
056.620,-0.065	
056.630,-0.095	
056.640,-0.095	
056.650,-0.075	
056.660,-0.075	
056.670,-0.085	
056.680,-0.085	
056.690,-0.075	
056.700,-0.075	
056.710,-0.095	
056.720,-0.085	
056.730,-0.025	
056.740,0.030	
056.750,0.050	
056.760,0.040	
056.770,0.200	
056.780,0.160	
056.790,0.070	
056.800,0.010	
056.810,-0.015	
056.820,-0.105	
056.830,-0.190	
056.840,-0.140	
056.850,-0.200	
056.860,-0.180	
056.870,-0.230	
056.880,-0.050	
056.890,0.540	
056.900,1.285	
056.910,1.305	
056.920,-0.075	
056.930,-0.790	
056.940,-0.675	
056.950,-0.380	
056.960,-0.140	
056.970,-0.175	
056.980,-0.155	
056.990,-0.125	
057.000,-0.110	
057.010,-0.110	
057.020,-0.105	
057.030,-0.090	
057.040,-0.040	
057.050,-0.035	
057.060,-0.015	
057.070,0.010	
057.080,0.010	
057.090,0.055	
057.100,0.090	
057.110,0.120	
057.120,0.170	
057.130,0.200	
057.140,0.215	
057.150,0.235	
057.160,0.250	
057.170,0.260	
057.180,0.265	
057.190,0.235	
057.200,0.220	
057.210,0.165	
057.220,0.130	
057.230,0.080	
057.240,0.030	
057.250,0.005	
057.260,-0.020	
057.270,-0.010	
057.280,-0.005	
057.290,-0.010	
057.300,-0.005	
057.310,-0.020	
057.320,-0.005	
057.330,0.000	
057.340,0.000	
057.350,-0.035	
057.360,-0.005	
057.370,-0.035	
057.380,-0.035	
057.390,-0.035	
057.400,-0.050	
057.410,-0.045	
057.420,-0.060	
057.430,-0.070	
057.440,-0.055	
057.450,-0.085	
057.460,-0.055	
057.470,-0.090	
057.480,-0.080	
057.490,-0.085	
057.500,-0.090	
057.510,-0.115	
057.520,-0.110	
057.530,-0.095	
057.540,-0.090	
057.550,-0.105	
057.560,-0.105	
057.570,-0.105	
057.580,-0.025	
057.590,0.045	
057.600,0.025	
057.610,0.105	
057.620,0.175	
057.630,0.115	
057.640,0.050	
057.650,-0.045	
057.660,-0.070	
057.670,-0.165	
057.680,-0.200	
057.690,-0.180	
057.700,-0.190	
057.710,-0.200	
057.720,-0.230	
057.730,0.135	
057.740,1.050	
057.750,1.650	
057.760,0.460	
057.770,-0.530	
057.780,-0.800	
057.790,-0.565	
057.800,-0.275	
057.810,-0.170	
057.820,-0.145	
057.830,-0.170	
057.840,-0.130	
057.850,-0.155	
057.860,-0.100	
057.870,-0.115	
057.880,-0.045	
057.890,-0.085	
057.900,-0.050	
057.910,-0.030	
057.920,0.010	
057.930,0.035	
057.940,0.080	
057.950,0.105	
057.960,0.155	
057.970,0.190	
057.980,0.220	
057.990,0.240	
058.000,0.245	
058.010,0.285	
058.020,0.305	
058.030,0.245	
058.040,0.225	
058.050,0.200	
058.060,0.160	
058.070,0.075	
058.080,0.055	
058.090,0.010	
058.100,-0.015	
058.110,-0.040	
058.120,-0.035	
058.130,-0.030	
058.140,-0.070	
058.150,-0.035	
058.160,-0.025	
058.170,-0.025	
058.180,-0.035	
058.190,-0.010	
058.200,-0.040	
058.210,-0.050	
058.220,-0.045	
058.230,-0.050	
058.240,-0.060	
058.250,-0.080	
058.260,-0.080	
058.270,-0.070	
058.280,-0.100	
058.290,-0.065	
058.300,-0.095	
058.310,-0.080	
058.320,-0.095	
058.330,-0.095	
058.340,-0.120	
058.350,-0.095	
058.360,-0.105	
058.370,-0.100	
058.380,-0.060	
058.390,-0.010	
058.400,0.035	
058.410,0.035	
058.420,0.165	
058.430,0.160	
058.440,0.025	
058.450,0.000	
058.460,-0.060	
058.470,-0.095	
058.480,-0.210	
058.490,-0.200	
058.500,-0.240	
058.510,-0.205	
058.520,-0.260	
058.530,-0.135	
058.540,0.420	
058.550,1.350	
058.560,1.630	
058.570,-0.100	
058.580,-0.885	
058.590,-0.745	
058.600,-0.425	
058.610,-0.185	
058.620,-0.180	
058.630,-0.165	
058.640,-0.165	
058.650,-0.130	
058.660,-0.140	
058.670,-0.115	
058.680,-0.105	
058.690,-0.085	
058.700,-0.075	
058.710,-0.045	
058.720,-0.010	
058.730,0.020	
058.740,0.030	
058.750,0.075	
058.760,0.125	
058.770,0.160	
058.780,0.190	
058.790,0.240	
058.800,0.260	
058.810,0.255	
058.820,0.265	
058.830,0.255	
058.840,0.250	
058.850,0.235	
058.860,0.125	
058.870,0.095	
058.880,0.040	
058.890,0.005	
058.900,-0.015	
058.910,-0.040	
058.920,-0.030	
058.930,-0.045	
058.940,-0.065	
058.950,-0.040	
058.960,-0.045	
058.970,-0.045	
058.980,-0.040	
058.990,-0.025	
059.000,-0.030	
059.010,-0.035	
059.020,-0.050	
059.030,-0.050	
059.040,-0.055	
059.050,-0.070	
059.060,-0.075	
059.070,-0.090	
059.080,-0.080	
059.090,-0.070	
059.100,-0.070	
059.110,-0.100	
059.120,-0.100	
059.130,-0.095	
059.140,-0.095	
059.150,-0.100	
059.160,-0.110	
059.170,-0.105	
059.180,-0.105	
059.190,-0.095	
059.200,-0.045	
059.210,0.015	
059.220,0.015	
059.230,0.080	
059.240,0.160	
059.250,0.145	
059.260,0.030	
059.270,-0.015	
059.280,-0.045	
059.290,-0.150	
059.300,-0.200	
059.310,-0.195	
059.320,-0.225	
059.330,-0.200	
059.340,-0.260	
059.350,-0.055	
059.360,0.610	
059.370,1.435	
059.380,1.390	
059.390,-0.195	
059.400,-0.900	
059.410,-0.605	
059.420,-0.335	
059.430,-0.175	
059.440,-0.165	
059.450,-0.155	
059.460,-0.160	
059.470,-0.140	
059.480,-0.130	
059.490,-0.120	
059.500,-0.095	
059.510,-0.080	
059.520,-0.055	
059.530,-0.025	
059.540,-0.010	
059.550,0.025	
059.560,0.050	
059.570,0.070	
059.580,0.125	
059.590,0.185	
059.600,0.210	
059.610,0.240	
059.620,0.255	
059.630,0.275	
059.640,0.285	
059.650,0.295	
059.660,0.270	
059.670,0.210	
059.680,0.155	
059.690,0.125	
059.700,0.075	
059.710,0.035	
059.720,0.015	
059.730,-0.005	
059.740,-0.010	
059.750,-0.020	
059.760,-0.010	
059.770,-0.025	
059.780,-0.015	
059.790,-0.020	
059.800,-0.005	
059.810,-0.005	
059.820,-0.025	
059.830,-0.025	
059.840,-0.040	
059.850,-0.050	
059.860,-0.040	
059.870,-0.055	
059.880,-0.065	
059.890,-0.065	
059.900,-0.085	
059.910,-0.085	
059.920,-0.080	
059.930,-0.090	
059.940,-0.095	
059.950,-0.100	
059.960,-0.085	
059.970,-0.110	
059.980,-0.095	
059.990,-0.100	
